Workbook

Sheet Quick Setup
A1: Rounding | C1: Make a copy (for google drive; recommended) or download this spreadsheet (for other spreadsheet programs). Do not request editing access
A2: 2.5
C4: Main Lifts | D4: Maxes | E4: Single @8 percentage | I4: When above or below RIR target
C5: Squat | D5: 110 | E5: 0.9 | H5: Sets | I5: 2+ fewer sets completed | J5: 1 fewer set completed or last set below RIR target | K5: Set target completed; last at RIR target | L5: 1 above RIR target | M5: 2 above RIR target | N5: 3 above RIR target | O5: 4 above RIR target | P5: 5 above RIR target
C6: Bench Press | D6: 105 | E6: 0.9 | G6: =C5 -> Squat | H6: 5 | I6: -0.05 | J6: -0.02 | K6: 0 | L6: 0.005 | M6: 0.01 | N6: 0.015 | O6: 0.02 | P6: 0.03
B7: Primary stance | C7: Deadlift | D7: 140 | E7: 0.9 | G7: =C6 -> Bench Press | H7: 5 | I7: -0.05 | J7: -0.02 | K7: 0 | L7: 0.005 | M7: 0.01 | N7: 0.015 | O7: 0.02 | P7: 0.03
C8: OHP | D8: 50 | E8: 0.9 | G8: =C7 -> Deadlift | H8: 5 | I8: -0.05 | J8: -0.02 | K8: 0 | L8: 0.005 | M8: 0.01 | N8: 0.015 | O8: 0.02 | P8: 0.03
G9: =C8 -> OHP | H9: 5 | I9: -0.05 | J9: -0.02 | K9: 0 | L9: 0.005 | M9: 0.01 | N9: 0.015 | O9: 0.02 | P9: 0.03
C10: Variations: Note - if you don't know your max, you can estimate it. When in doubt, estimate low to start with | D10: Maxes | G10: =C11 -> Leg Press | H10: 5 | I10: -0.05 | J10: -0.02 | K10: 0 | L10: 0.005 | M10: 0.01 | N10: 0.015 | O10: 0.02 | P10: 0.03
B11: Squat auxiliary 1 | C11: Leg Press | D11: 250 | E11: 0.9 | G11: =C12 -> Leg Press | H11: 5 | I11: -0.05 | J11: -0.02 | K11: 0 | L11: 0.005 | M11: 0.01 | N11: 0.015 | O11: 0.02 | P11: 0.03
B12: Squat auxiliary 2 | C12: Leg Press | D12: 250 | E12: 0.9 | G12: =C13 -> Incline Press | H12: 5 | I12: -0.05 | J12: -0.02 | K12: 0 | L12: 0.005 | M12: 0.01 | N12: 0.015 | O12: 0.02 | P12: 0.03
B13: Bench auxiliary 1 | C13: Incline Press | D13: 92 | E13: 0.9 | G13: =C14 -> DB Bench | H13: 5 | I13: -0.05 | J13: -0.02 | K13: 0 | L13: 0.005 | M13: 0.01 | N13: 0.015 | O13: 0.02 | P13: 0.03
B14: Bench auxiliary 2 | C14: DB Bench | D14: 30 | E14: 0.9 | G14: =C15 -> Romanian Deadlift | H14: 5 | I14: -0.05 | J14: -0.02 | K14: 0 | L14: 0.005 | M14: 0.01 | N14: 0.015 | O14: 0.02 | P14: 0.03
B15: Deadlift auxiliary | C15: Romanian Deadlift | D15: 120 | E15: 0.9 | G15: =C16 -> DB OHP | H15: 5 | I15: -0.05 | J15: -0.02 | K15: 0 | L15: 0.005 | M15: 0.01 | N15: 0.015 | O15: 0.02 | P15: 0.03
B16: OHP auxiliary | C16: DB OHP | D16: 30 | E16: 0.9
B18: Back exercises
B19: Barbell rows
B20: DB rows
B21: Chest supported rows
B22: T-bar rows
B23: Pull-ups
B24: Chin-ups
B25: Neutral grip pull-ups
B26: Pull-downs
C30: Rep target
C31: 0.5 | D31: 0.525 | E31: 0.55 | F31: 0.575 | G31: 0.6 | H31: 0.625 | I31: 0.65 | J31: 0.675 | K31: 0.7 | L31: 0.725 | M31: 0.75 | N31: 0.775 | O31: 0.8 | P31: 0.825 | Q31: 0.85 | R31: 0.875 | S31: 0.9 | T31: 0.925 | U31: 0.95 | V31: 0.975 | W31: 1
B32: ='Quick Setup'!C5 -> Squat | C32: 8 | D32: 8 | E32: 8 | F32: 8 | G32: 7 | H32: 7 | I32: 6 | J32: 6 | K32: 5 | L32: 5 | M32: 4 | N32: 4 | O32: 3 | P32: 3 | Q32: 2 | R32: 2 | S32: 1 | T32: 1 | U32: 1 | V32: 1 | W32: 1
B33: ='Quick Setup'!C6 -> Bench Press | C33: 8 | D33: 8 | E33: 8 | F33: 8 | G33: 7 | H33: 7 | I33: 6 | J33: 6 | K33: 5 | L33: 5 | M33: 4 | N33: 4 | O33: 3 | P33: 3 | Q33: 2 | R33: 2 | S33: 1 | T33: 1 | U33: 1 | V33: 1 | W33: 1
B34: ='Quick Setup'!C7 -> Deadlift | C34: 8 | D34: 8 | E34: 8 | F34: 8 | G34: 7 | H34: 7 | I34: 6 | J34: 6 | K34: 5 | L34: 5 | M34: 4 | N34: 4 | O34: 3 | P34: 3 | Q34: 2 | R34: 2 | S34: 1 | T34: 1 | U34: 1 | V34: 1 | W34: 1
B35: ='Quick Setup'!C8 -> OHP | C35: 8 | D35: 8 | E35: 8 | F35: 8 | G35: 7 | H35: 7 | I35: 6 | J35: 6 | K35: 5 | L35: 5 | M35: 4 | N35: 4 | O35: 3 | P35: 3 | Q35: 2 | R35: 2 | S35: 1 | T35: 1 | U35: 1 | V35: 1 | W35: 1
B36: ='Quick Setup'!C11 -> Leg Press | C36: 8 | D36: 8 | E36: 8 | F36: 8 | G36: 7 | H36: 7 | I36: 6 | J36: 6 | K36: 5 | L36: 5 | M36: 4 | N36: 4 | O36: 3 | P36: 3 | Q36: 2 | R36: 2 | S36: 1 | T36: 1 | U36: 1 | V36: 1 | W36: 1
B37: ='Quick Setup'!C12 -> Leg Press | C37: 8 | D37: 8 | E37: 8 | F37: 8 | G37: 7 | H37: 7 | I37: 6 | J37: 6 | K37: 5 | L37: 5 | M37: 4 | N37: 4 | O37: 3 | P37: 3 | Q37: 2 | R37: 2 | S37: 1 | T37: 1 | U37: 1 | V37: 1 | W37: 1
B38: ='Quick Setup'!C13 -> Incline Press | C38: 8 | D38: 8 | E38: 8 | F38: 8 | G38: 7 | H38: 7 | I38: 6 | J38: 6 | K38: 5 | L38: 5 | M38: 4 | N38: 4 | O38: 3 | P38: 3 | Q38: 2 | R38: 2 | S38: 1 | T38: 1 | U38: 1 | V38: 1 | W38: 1
B39: ='Quick Setup'!C14 -> DB Bench | C39: 8 | D39: 8 | E39: 8 | F39: 8 | G39: 7 | H39: 7 | I39: 6 | J39: 6 | K39: 5 | L39: 5 | M39: 4 | N39: 4 | O39: 3 | P39: 3 | Q39: 2 | R39: 2 | S39: 1 | T39: 1 | U39: 1 | V39: 1 | W39: 1
B40: ='Quick Setup'!C15 -> Romanian Deadlift | C40: 8 | D40: 8 | E40: 8 | F40: 8 | G40: 7 | H40: 7 | I40: 6 | J40: 6 | K40: 5 | L40: 5 | M40: 4 | N40: 4 | O40: 3 | P40: 3 | Q40: 2 | R40: 2 | S40: 1 | T40: 1 | U40: 1 | V40: 1 | W40: 1
B41: ='Quick Setup'!C16 -> DB OHP | C41: 8 | D41: 8 | E41: 8 | F41: 8 | G41: 7 | H41: 7 | I41: 6 | J41: 6 | K41: 5 | L41: 5 | M41: 4 | N41: 4 | O41: 3 | P41: 3 | Q41: 2 | R41: 2 | S41: 1 | T41: 1 | U41: 1 | V41: 1 | W41: 1
C44: Last set RIR target
C45: 0.5 | D45: 0.525 | E45: 0.55 | F45: 0.575 | G45: 0.6 | H45: 0.625 | I45: 0.65 | J45: 0.675 | K45: 0.7 | L45: 0.725 | M45: 0.75 | N45: 0.775 | O45: 0.8 | P45: 0.825 | Q45: 0.85 | R45: 0.875 | S45: 0.9 | T45: 0.925 | U45: 0.95 | V45: 0.975 | W45: 1
B46: ='Quick Setup'!C5 -> Squat | C46: 3 | D46: 3 | E46: 3 | F46: 3 | G46: 3 | H46: 3 | I46: 3 | J46: 3 | K46: 3 | L46: 3 | M46: 2 | N46: 2 | O46: 2 | P46: 2 | Q46: 1 | R46: 1 | S46: 1 | T46: 1 | U46: 1 | V46: 0 | W46: 0
B47: ='Quick Setup'!C6 -> Bench Press | C47: 3 | D47: 3 | E47: 3 | F47: 3 | G47: 3 | H47: 3 | I47: 3 | J47: 3 | K47: 3 | L47: 3 | M47: 2 | N47: 2 | O47: 2 | P47: 2 | Q47: 1 | R47: 1 | S47: 1 | T47: 1 | U47: 1 | V47: 0 | W47: 0
B48: ='Quick Setup'!C7 -> Deadlift | C48: 3 | D48: 3 | E48: 3 | F48: 3 | G48: 3 | H48: 3 | I48: 3 | J48: 3 | K48: 3 | L48: 3 | M48: 2 | N48: 2 | O48: 2 | P48: 2 | Q48: 1 | R48: 1 | S48: 1 | T48: 1 | U48: 1 | V48: 0 | W48: 0
B49: ='Quick Setup'!C8 -> OHP | C49: 3 | D49: 3 | E49: 3 | F49: 3 | G49: 3 | H49: 3 | I49: 3 | J49: 3 | K49: 3 | L49: 3 | M49: 2 | N49: 2 | O49: 2 | P49: 2 | Q49: 1 | R49: 1 | S49: 1 | T49: 1 | U49: 1 | V49: 0 | W49: 0
B50: ='Quick Setup'!C11 -> Leg Press | C50: 3 | D50: 3 | E50: 3 | F50: 3 | G50: 3 | H50: 3 | I50: 3 | J50: 3 | K50: 3 | L50: 3 | M50: 2 | N50: 2 | O50: 2 | P50: 2 | Q50: 1 | R50: 1 | S50: 1 | T50: 1 | U50: 1 | V50: 0 | W50: 0
B51: ='Quick Setup'!C12 -> Leg Press | C51: 3 | D51: 3 | E51: 3 | F51: 3 | G51: 3 | H51: 3 | I51: 3 | J51: 3 | K51: 3 | L51: 3 | M51: 2 | N51: 2 | O51: 2 | P51: 2 | Q51: 1 | R51: 1 | S51: 1 | T51: 1 | U51: 1 | V51: 0 | W51: 0
B52: ='Quick Setup'!C13 -> Incline Press | C52: 3 | D52: 3 | E52: 3 | F52: 3 | G52: 3 | H52: 3 | I52: 3 | J52: 3 | K52: 3 | L52: 3 | M52: 2 | N52: 2 | O52: 2 | P52: 2 | Q52: 1 | R52: 1 | S52: 1 | T52: 1 | U52: 1 | V52: 0 | W52: 0
B53: ='Quick Setup'!C14 -> DB Bench | C53: 3 | D53: 3 | E53: 3 | F53: 3 | G53: 3 | H53: 3 | I53: 3 | J53: 3 | K53: 3 | L53: 3 | M53: 2 | N53: 2 | O53: 2 | P53: 2 | Q53: 1 | R53: 1 | S53: 1 | T53: 1 | U53: 1 | V53: 0 | W53: 0
B54: ='Quick Setup'!C15 -> Romanian Deadlift | C54: 3 | D54: 3 | E54: 3 | F54: 3 | G54: 3 | H54: 3 | I54: 3 | J54: 3 | K54: 3 | L54: 3 | M54: 2 | N54: 2 | O54: 2 | P54: 2 | Q54: 1 | R54: 1 | S54: 1 | T54: 1 | U54: 1 | V54: 0 | W54: 0
B55: ='Quick Setup'!C16 -> DB OHP | C55: 3 | D55: 3 | E55: 3 | F55: 3 | G55: 3 | H55: 3 | I55: 3 | J55: 3 | K55: 3 | L55: 3 | M55: 2 | N55: 2 | O55: 2 | P55: 2 | Q55: 1 | R55: 1 | S55: 1 | T55: 1 | U55: 1 | V55: 0 | W55: 0
C58: Intensity
B59: Week | C59: 1 | D59: =C59+1 -> 2 | E59: =D59+1 -> 3 | F59: =E59+1 -> 4 | G59: =F59+1 -> 5 | H59: =G59+1 -> 6 | I59: =H59+1 -> 7 | J59: =I59+1 -> 8 | K59: =J59+1 -> 9 | ... W59: =V59+1 -> 21
B60: ='Quick Setup'!C5 -> Squat | C60: 0.7 | D60: 0.75 | E60: 0.8 | F60: 0.725 | G60: 0.775 | H60: 0.825 | I60: 0.6 | J60: 0.75 | K60: 0.8 | L60: 0.85 | M60: 0.775 | N60: 0.825 | O60: 0.875 | P60: 0.6 | Q60: 0.8 | R60: 0.85 | S60: 0.9 | T60: 0.85 | U60: 0.9 | V60: 0.95 | W60: 0.6
B61: ='Quick Setup'!C6 -> Bench Press | C61: 0.7 | D61: 0.75 | E61: 0.8 | F61: 0.725 | G61: 0.775 | H61: 0.825 | I61: 0.6 | J61: 0.75 | K61: 0.8 | L61: 0.85 | M61: 0.775 | N61: 0.825 | O61: 0.875 | P61: 0.6 | Q61: 0.8 | R61: 0.85 | S61: 0.9 | T61: 0.85 | U61: 0.9 | V61: 0.95 | W61: 0.6
B62: ='Quick Setup'!C7 -> Deadlift | C62: 0.7 | D62: 0.75 | E62: 0.8 | F62: 0.725 | G62: 0.775 | H62: 0.825 | I62: 0.6 | J62: 0.75 | K62: 0.8 | L62: 0.85 | M62: 0.775 | N62: 0.825 | O62: 0.875 | P62: 0.6 | Q62: 0.8 | R62: 0.85 | S62: 0.9 | T62: 0.85 | U62: 0.9 | V62: 0.95 | W62: 0.6
B63: ='Quick Setup'!C8 -> OHP | C63: 0.7 | D63: 0.75 | E63: 0.8 | F63: 0.725 | G63: 0.775 | H63: 0.825 | I63: 0.6 | J63: 0.75 | K63: 0.8 | L63: 0.85 | M63: 0.775 | N63: 0.825 | O63: 0.875 | P63: 0.6 | Q63: 0.8 | R63: 0.85 | S63: 0.9 | T63: 0.85 | U63: 0.9 | V63: 0.95 | W63: 0.6
B64: ='Quick Setup'!C11 -> Leg Press | C64: 0.6 | D64: 0.65 | E64: 0.7 | F64: 0.625 | G64: 0.675 | H64: 0.725 | I64: 0.5 | J64: 0.65 | K64: 0.7 | L64: 0.75 | M64: 0.675 | N64: 0.725 | O64: 0.775 | P64: 0.5 | Q64: 0.7 | R64: 0.75 | S64: 0.8 | T64: 0.75 | U64: 0.8 | V64: 0.85 | W64: 0.5
B65: ='Quick Setup'!C12 -> Leg Press | C65: 0.6 | D65: 0.65 | E65: 0.7 | F65: 0.625 | G65: 0.675 | H65: 0.725 | I65: 0.5 | J65: 0.65 | K65: 0.7 | L65: 0.75 | M65: 0.675 | N65: 0.725 | O65: 0.775 | P65: 0.5 | Q65: 0.7 | R65: 0.75 | S65: 0.8 | T65: 0.75 | U65: 0.8 | V65: 0.85 | W65: 0.5
B66: ='Quick Setup'!C13 -> Incline Press | C66: 0.6 | D66: 0.65 | E66: 0.7 | F66: 0.625 | G66: 0.675 | H66: 0.725 | I66: 0.5 | J66: 0.65 | K66: 0.7 | L66: 0.75 | M66: 0.675 | N66: 0.725 | O66: 0.775 | P66: 0.5 | Q66: 0.7 | R66: 0.75 | S66: 0.8 | T66: 0.75 | U66: 0.8 | V66: 0.85 | W66: 0.5
B67: ='Quick Setup'!C14 -> DB Bench | C67: 0.6 | D67: 0.65 | E67: 0.7 | F67: 0.625 | G67: 0.675 | H67: 0.725 | I67: 0.5 | J67: 0.65 | K67: 0.7 | L67: 0.75 | M67: 0.675 | N67: 0.725 | O67: 0.775 | P67: 0.5 | Q67: 0.7 | R67: 0.75 | S67: 0.8 | T67: 0.75 | U67: 0.8 | V67: 0.85 | W67: 0.5
B68: ='Quick Setup'!C15 -> Romanian Deadlift | C68: 0.6 | D68: 0.65 | E68: 0.7 | F68: 0.625 | G68: 0.675 | H68: 0.725 | I68: 0.5 | J68: 0.65 | K68: 0.7 | L68: 0.75 | M68: 0.675 | N68: 0.725 | O68: 0.775 | P68: 0.5 | Q68: 0.7 | R68: 0.75 | S68: 0.8 | T68: 0.75 | U68: 0.8 | V68: 0.85 | W68: 0.5
B69: ='Quick Setup'!C16 -> DB OHP | C69: 0.6 | D69: 0.65 | E69: 0.7 | F69: 0.625 | G69: 0.675 | H69: 0.725 | I69: 0.5 | J69: 0.65 | K69: 0.7 | L69: 0.75 | M69: 0.675 | N69: 0.725 | O69: 0.775 | P69: 0.5 | Q69: 0.7 | R69: 0.75 | S69: 0.8 | T69: 0.75 | U69: 0.8 | V69: 0.85 | W69: 0.5

Sheet Setup
A1: Week | B1: 1 | N1: =B1+1 -> 2 | Z1: =N1+1 -> 3 | AL1: =Z1+1 -> 4 | AX1: =AL1+1 -> 5 | BJ1: =AX1+1 -> 6 | BV1: =BJ1+1 -> 7 | CH1: =BV1+1 -> 8 | CT1: =CH1+1 -> 9 | DF1: =CT1+1 -> 10 | DR1: =DF1+1 -> 11 | ED1: =DR1+1 -> 12 | EP1: =ED1+1 -> 13 | FB1: =EP1+1 -> 14 | FN1: =FB1+1 -> 15 | FZ1: =FN1+1 -> 16 | GL1: =FZ1+1 -> 17 | GX1: =GL1+1 -> 18 | HJ1: =GX1+1 -> 19 | HV1: =HJ1+1 -> 20 | IH1: =HV1+1 -> 21
A2: Lift | B2: Intensity | C2: Reps per set | D2: Last set RIR | E2: Sets | F2: 2+ fewer sets completed | G2: 1 fewer set completed | H2: Set target completed; last at RIR target | I2: 1 above RIR target | J2: 2 above RIR target | K2: 3 above RIR target | L2: 4 above RIR target | M2: 5 above RIR target | N2: Intensity | O2: Reps per set | P2: Last set RIR | Q2: Sets | R2: 2+ fewer sets completed | S2: 1 fewer set completed | T2: Set target completed; last at RIR target | U2: 1 above RIR target | V2: 2 above RIR target | W2: 3 above RIR target | X2: 4 above RIR target | Y2: 5 above RIR target | Z2: Intensity | AA2: Reps per set | AB2: Last set RIR | AC2: Sets | AD2: 2+ fewer sets completed | AE2: 1 fewer set completed | AF2: Set target completed; last at RIR target | AG2: 1 above RIR target | AH2: 2 above RIR target | AI2: 3 above RIR target | AJ2: 4 above RIR target | AK2: 5 above RIR target | AL2: Intensity | AM2: Reps per set | AN2: Last set RIR | AO2: Sets | AP2: 2+ fewer sets completed | AQ2: 1 fewer set completed | AR2: Set target completed; last at RIR target | AS2: 1 above RIR target | AT2: 2 above RIR target | AU2: 3 above RIR target | AV2: 4 above RIR target | AW2: 5 above RIR target | AX2: Intensity | AY2: Reps per set | AZ2: Last set RIR | BA2: Sets | BB2: 2+ fewer sets completed | BC2: 1 fewer set completed | BD2: Set target completed; last at RIR target | BE2: 1 above RIR target | BF2: 2 above RIR target | BG2: 3 above RIR target | BH2: 4 above RIR target | BI2: 5 above RIR target | BJ2: Intensity | BK2: Reps per set | BL2: Last set RIR | BM2: Sets | BN2: 2+ fewer sets completed | BO2: 1 fewer set completed | BP2: Set target completed; last at RIR target | BQ2: 1 above RIR target | BR2: 2 above RIR target | BS2: 3 above RIR target | BT2: 4 above RIR target | BU2: 5 above RIR target | BV2: Intensity | BW2: Reps per set | BX2: Last set RIR | BY2: Sets | BZ2: 2+ fewer sets completed | CA2: 1 fewer set completed | CB2: Set target completed; last at RIR target | CC2: 1 above RIR target | CD2: 2 above RIR target | CE2: 3 above RIR target | CF2: 4 above RIR target | CG2: 5 above RIR target | CH2: Intensity | CI2: Reps per set | CJ2: Last set RIR | CK2: Sets | CL2: 2+ fewer sets completed | CM2: 1 fewer set completed | CN2: Set target completed; last at RIR target | CO2: 1 above RIR target | CP2: 2 above RIR target | CQ2: 3 above RIR target | CR2: 4 above RIR target | CS2: 5 above RIR target | CT2: Intensity | CU2: Reps per set | CV2: Last set RIR | CW2: Sets | CX2: 2+ fewer sets completed | CY2: 1 fewer set completed | CZ2: Set target completed; last at RIR target | DA2: 1 above RIR target | DB2: 2 above RIR target | DC2: 3 above RIR target | DD2: 4 above RIR target | DE2: 5 above RIR target | DF2: Intensity | DG2: Reps per set | DH2: Last set RIR | DI2: Sets | DJ2: 2+ fewer sets completed | DK2: 1 fewer set completed | DL2: Set target completed; last at RIR target | DM2: 1 above RIR target | DN2: 2 above RIR target | DO2: 3 above RIR target | DP2: 4 above RIR target | DQ2: 5 above RIR target | DR2: Intensity | DS2: Reps per set | DT2: Last set RIR | DU2: Sets | DV2: 2+ fewer sets completed | DW2: 1 fewer set completed | DX2: Set target completed; last at RIR target | DY2: 1 above RIR target | DZ2: 2 above RIR target | EA2: 3 above RIR target | EB2: 4 above RIR target | EC2: 5 above RIR target | ED2: Intensity | EE2: Reps per set | EF2: Last set RIR | EG2: Sets | EH2: 2+ fewer sets completed | EI2: 1 fewer set completed | EJ2: Set target completed; last at RIR target | EK2: 1 above RIR target | EL2: 2 above RIR target | EM2: 3 above RIR target | EN2: 4 above RIR target | EO2: 5 above RIR target | EP2: Intensity | EQ2: Reps per set | ER2: Last set RIR | ES2: Sets | ET2: 2+ fewer sets completed | EU2: 1 fewer set completed | EV2: Set target completed; last at RIR target | EW2: 1 above RIR target | EX2: 2 above RIR target | EY2: 3 above RIR target | EZ2: 4 above RIR target | FA2: 5 above RIR target | FB2: Intensity | FC2: Reps per set | FD2: Last set RIR | FE2: Sets | FF2: 2+ fewer sets completed | FG2: 1 fewer set completed | FH2: Set target completed; last at RIR target | FI2: 1 above RIR target | FJ2: 2 above RIR target | FK2: 3 above RIR target | FL2: 4 above RIR target | FM2: 5 above RIR target | FN2: Intensity | FO2: Reps per set | FP2: Last set RIR | FQ2: Sets | FR2: 2+ fewer sets completed | FS2: 1 fewer set completed | FT2: Set target completed; last at RIR target | FU2: 1 above RIR target | FV2: 2 above RIR target | FW2: 3 above RIR target | FX2: 4 above RIR target | FY2: 5 above RIR target | FZ2: Intensity | GA2: Reps per set | GB2: Last set RIR | GC2: Sets | GD2: 2+ fewer sets completed | GE2: 1 fewer set completed | GF2: Set target completed; last at RIR target | GG2: 1 above RIR target | GH2: 2 above RIR target | GI2: 3 above RIR target | GJ2: 4 above RIR target | GK2: 5 above RIR target | GL2: Intensity | GM2: Reps per set | GN2: Last set RIR | GO2: Sets | GP2: 2+ fewer sets completed | GQ2: 1 fewer set completed | GR2: Set target completed; last at RIR target | GS2: 1 above RIR target | GT2: 2 above RIR target | GU2: 3 above RIR target | GV2: 4 above RIR target | GW2: 5 above RIR target | GX2: Intensity | GY2: Reps per set | GZ2: Last set RIR | HA2: Sets | HB2: 2+ fewer sets completed | HC2: 1 fewer set completed | HD2: Set target completed; last at RIR target | HE2: 1 above RIR target | HF2: 2 above RIR target | HG2: 3 above RIR target | HH2: 4 above RIR target | HI2: 5 above RIR target | HJ2: Intensity | HK2: Reps per set | HL2: Last set RIR | HM2: Sets | HN2: 2+ fewer sets completed | HO2: 1 fewer set completed | HP2: Set target completed; last at RIR target | HQ2: 1 above RIR target | HR2: 2 above RIR target | HS2: 3 above RIR target | HT2: 4 above RIR target | HU2: 5 above RIR target | HV2: Intensity | HW2: Reps per set | HX2: Last set RIR | HY2: Sets | HZ2: 2+ fewer sets completed | IA2: 1 fewer set completed | IB2: Set target completed; last at RIR target | IC2: 1 above RIR target | ID2: 2 above RIR target | IE2: 3 above RIR target | IF2: 4 above RIR target | IG2: 5 above RIR target | IH2: Intensity | II2: Reps per set | IJ2: Last set RIR | IK2: Sets | IL2: 2+ fewer sets completed | IM2: 1 fewer set completed | IN2: Set target completed; last at RIR target | IO2: 1 above RIR target | IP2: 2 above RIR target | IQ2: 3 above RIR target | IR2: 4 above RIR target | IS2: 5 above RIR target
A3: ='Quick Setup'!C5 -> Squat | B3: ='Quick Setup'!C60 -> 0.7 | C3: =if(B3='Quick Setup'!$C$31,'Quick Setup'!$C32,if(B3='Quick Setup'!$D$31,'Quick Setup'!$D32,if(B3='Quick Setup'!$E$31,'Quick Setup'!$E32,if(B3='Quick Setup'!$F$31,'Quick Setup'!$F32,if(B3='Quick Setup'!$G$31,'Quick Setup'!$G32,if(B3='Quick Setup'!$H$31,'Quick Setup'!$H32,if(B3='Quick Setup'!$I$31,'Quick Setup'!$I32,if(B3='Quick Setup'!$J$31,'Quick Setup'!$J32,if(B3='Quick Setup'!$K$31,'Quick Setup'!$K32,if(B3='Quick Setup'!$L$31,'Quick Setup'!$L32,if(B3='Quick Setup'!$M$31,'Quick Setup'!$M32,if(B3='Quick Setup'!$N$31,'Quick Setup'!$N32,if(B3='Quick Setup'!$O$31,'Quick Setup'!$O32,if(B3='Quick Setup'!$P$31,'Quick Setup'!$P32,if(B3='Quick Setup'!$Q$31,'Quick Setup'!$Q32,if(B3='Quick Setup'!$R$31,'Quick Setup'!$R32,if(B3='Quick Setup'!$S$31,'Quick Setup'!$S32,if(B3='Quick Setup'!$T$31,'Quick Setup'!$T32,if(B3='Quick Setup'!$U$31,'Quick Setup'!$U32,if(B3='Quick Setup'!$V$31,'Quick Setup'!$V32,'Quick Setup'!$W32)))))))))))))))))))) -> 5 | D3: =if(B3='Quick Setup'!$C$45,'Quick Setup'!$C46,if(B3='Quick Setup'!$D$45,'Quick Setup'!$D46,if(B3='Quick Setup'!$E$45,'Quick Setup'!$E46,if(B3='Quick Setup'!$F$45,'Quick Setup'!$F46,if(B3='Quick Setup'!$G$45,'Quick Setup'!$G46,if(B3='Quick Setup'!$H$45,'Quick Setup'!$H46,if(B3='Quick Setup'!$I$45,'Quick Setup'!$I46,if(B3='Quick Setup'!$J$45,'Quick Setup'!$J46,if(B3='Quick Setup'!$K$45,'Quick Setup'!$K46,if(B3='Quick Setup'!$L$45,'Quick Setup'!$L46,if(B3='Quick Setup'!$M$45,'Quick Setup'!$M46,if(B3='Quick Setup'!$N$45,'Quick Setup'!$N46,if(B3='Quick Setup'!$O$45,'Quick Setup'!$O46,if(B3='Quick Setup'!$P$45,'Quick Setup'!$P46,if(B3='Quick Setup'!$Q$45,'Quick Setup'!$Q46,if(B3='Quick Setup'!$R$45,'Quick Setup'!$R46,if(B3='Quick Setup'!$S$45,'Quick Setup'!$S46,if(B3='Quick Setup'!$T$45,'Quick Setup'!$T46,if(B3='Quick Setup'!$U$45,'Quick Setup'!$U46,if(B3='Quick Setup'!$V$45,'Quick Setup'!$V46,'Quick Setup'!$W46)))))))))))))))))))) -> 3 | E3: ='Quick Setup'!H6 -> 5 | F3: ='Quick Setup'!I6 -> -0.05 | G3: ='Quick Setup'!J6 -> -0.02 | H3: ='Quick Setup'!K6 -> 0 | I3: ='Quick Setup'!L6 -> 0.005 | J3: ='Quick Setup'!M6 -> 0.01 | K3: ='Quick Setup'!N6 -> 0.015 | L3: ='Quick Setup'!O6 -> 0.02 | M3: ='Quick Setup'!P6 -> 0.03 | N3: ='Quick Setup'!D60 -> 0.75 | O3: =if(N3='Quick Setup'!$C$31,'Quick Setup'!$C32,if(N3='Quick Setup'!$D$31,'Quick Setup'!$D32,if(N3='Quick Setup'!$E$31,'Quick Setup'!$E32,if(N3='Quick Setup'!$F$31,'Quick Setup'!$F32,if(N3='Quick Setup'!$G$31,'Quick Setup'!$G32,if(N3='Quick Setup'!$H$31,'Quick Setup'!$H32,if(N3='Quick Setup'!$I$31,'Quick Setup'!$I32,if(N3='Quick Setup'!$J$31,'Quick Setup'!$J32,if(N3='Quick Setup'!$K$31,'Quick Setup'!$K32,if(N3='Quick Setup'!$L$31,'Quick Setup'!$L32,if(N3='Quick Setup'!$M$31,'Quick Setup'!$M32,if(N3='Quick Setup'!$N$31,'Quick Setup'!$N32,if(N3='Quick Setup'!$O$31,'Quick Setup'!$O32,if(N3='Quick Setup'!$P$31,'Quick Setup'!$P32,if(N3='Quick Setup'!$Q$31,'Quick Setup'!$Q32,if(N3='Quick Setup'!$R$31,'Quick Setup'!$R32,if(N3='Quick Setup'!$S$31,'Quick Setup'!$S32,if(N3='Quick Setup'!$T$31,'Quick Setup'!$T32,if(N3='Quick Setup'!$U$31,'Quick Setup'!$U32,if(N3='Quick Setup'!$V$31,'Quick Setup'!$V32,'Quick Setup'!$W32)))))))))))))))))))) -> 4 | P3: =if(N3='Quick Setup'!$C$45,'Quick Setup'!$C46,if(N3='Quick Setup'!$D$45,'Quick Setup'!$D46,if(N3='Quick Setup'!$E$45,'Quick Setup'!$E46,if(N3='Quick Setup'!$F$45,'Quick Setup'!$F46,if(N3='Quick Setup'!$G$45,'Quick Setup'!$G46,if(N3='Quick Setup'!$H$45,'Quick Setup'!$H46,if(N3='Quick Setup'!$I$45,'Quick Setup'!$I46,if(N3='Quick Setup'!$J$45,'Quick Setup'!$J46,if(N3='Quick Setup'!$K$45,'Quick Setup'!$K46,if(N3='Quick Setup'!$L$45,'Quick Setup'!$L46,if(N3='Quick Setup'!$M$45,'Quick Setup'!$M46,if(N3='Quick Setup'!$N$45,'Quick Setup'!$N46,if(N3='Quick Setup'!$O$45,'Quick Setup'!$O46,if(N3='Quick Setup'!$P$45,'Quick Setup'!$P46,if(N3='Quick Setup'!$Q$45,'Quick Setup'!$Q46,if(N3='Quick Setup'!$R$45,'Quick Setup'!$R46,if(N3='Quick Setup'!$S$45,'Quick Setup'!$S46,if(N3='Quick Setup'!$T$45,'Quick Setup'!$T46,if(N3='Quick Setup'!$U$45,'Quick Setup'!$U46,if(N3='Quick Setup'!$V$45,'Quick Setup'!$V46,'Quick Setup'!$W46)))))))))))))))))))) -> 2 | Q3: =E3 -> 5 | R3: =F3 -> -0.05 | S3: =G3 -> -0.02 | T3: =H3 -> 0 | U3: =I3 -> 0.005 | V3: =J3 -> 0.01 | W3: =K3 -> 0.015 | X3: =L3 -> 0.02 | Y3: =M3 -> 0.03 | Z3: ='Quick Setup'!E60 -> 0.8 | AA3: =if(Z3='Quick Setup'!$C$31,'Quick Setup'!$C32,if(Z3='Quick Setup'!$D$31,'Quick Setup'!$D32,if(Z3='Quick Setup'!$E$31,'Quick Setup'!$E32,if(Z3='Quick Setup'!$F$31,'Quick Setup'!$F32,if(Z3='Quick Setup'!$G$31,'Quick Setup'!$G32,if(Z3='Quick Setup'!$H$31,'Quick Setup'!$H32,if(Z3='Quick Setup'!$I$31,'Quick Setup'!$I32,if(Z3='Quick Setup'!$J$31,'Quick Setup'!$J32,if(Z3='Quick Setup'!$K$31,'Quick Setup'!$K32,if(Z3='Quick Setup'!$L$31,'Quick Setup'!$L32,if(Z3='Quick Setup'!$M$31,'Quick Setup'!$M32,if(Z3='Quick Setup'!$N$31,'Quick Setup'!$N32,if(Z3='Quick Setup'!$O$31,'Quick Setup'!$O32,if(Z3='Quick Setup'!$P$31,'Quick Setup'!$P32,if(Z3='Quick Setup'!$Q$31,'Quick Setup'!$Q32,if(Z3='Quick Setup'!$R$31,'Quick Setup'!$R32,if(Z3='Quick Setup'!$S$31,'Quick Setup'!$S32,if(Z3='Quick Setup'!$T$31,'Quick Setup'!$T32,if(Z3='Quick Setup'!$U$31,'Quick Setup'!$U32,if(Z3='Quick Setup'!$V$31,'Quick Setup'!$V32,'Quick Setup'!$W32)))))))))))))))))))) -> 3 | AB3: =if(Z3='Quick Setup'!$C$45,'Quick Setup'!$C46,if(Z3='Quick Setup'!$D$45,'Quick Setup'!$D46,if(Z3='Quick Setup'!$E$45,'Quick Setup'!$E46,if(Z3='Quick Setup'!$F$45,'Quick Setup'!$F46,if(Z3='Quick Setup'!$G$45,'Quick Setup'!$G46,if(Z3='Quick Setup'!$H$45,'Quick Setup'!$H46,if(Z3='Quick Setup'!$I$45,'Quick Setup'!$I46,if(Z3='Quick Setup'!$J$45,'Quick Setup'!$J46,if(Z3='Quick Setup'!$K$45,'Quick Setup'!$K46,if(Z3='Quick Setup'!$L$45,'Quick Setup'!$L46,if(Z3='Quick Setup'!$M$45,'Quick Setup'!$M46,if(Z3='Quick Setup'!$N$45,'Quick Setup'!$N46,if(Z3='Quick Setup'!$O$45,'Quick Setup'!$O46,if(Z3='Quick Setup'!$P$45,'Quick Setup'!$P46,if(Z3='Quick Setup'!$Q$45,'Quick Setup'!$Q46,if(Z3='Quick Setup'!$R$45,'Quick Setup'!$R46,if(Z3='Quick Setup'!$S$45,'Quick Setup'!$S46,if(Z3='Quick Setup'!$T$45,'Quick Setup'!$T46,if(Z3='Quick Setup'!$U$45,'Quick Setup'!$U46,if(Z3='Quick Setup'!$V$45,'Quick Setup'!$V46,'Quick Setup'!$W46)))))))))))))))))))) -> 2 | AC3: =Q3 -> 5 | AD3: =R3 -> -0.05 | AE3: =S3 -> -0.02 | AF3: =T3 -> 0 | AG3: =U3 -> 0.005 | AH3: =V3 -> 0.01 | AI3: =W3 -> 0.015 | AJ3: =X3 -> 0.02 | AK3: =Y3 -> 0.03 | AL3: ='Quick Setup'!F60 -> 0.725 | AM3: =if(AL3='Quick Setup'!$C$31,'Quick Setup'!$C32,if(AL3='Quick Setup'!$D$31,'Quick Setup'!$D32,if(AL3='Quick Setup'!$E$31,'Quick Setup'!$E32,if(AL3='Quick Setup'!$F$31,'Quick Setup'!$F32,if(AL3='Quick Setup'!$G$31,'Quick Setup'!$G32,if(AL3='Quick Setup'!$H$31,'Quick Setup'!$H32,if(AL3='Quick Setup'!$I$31,'Quick Setup'!$I32,if(AL3='Quick Setup'!$J$31,'Quick Setup'!$J32,if(AL3='Quick Setup'!$K$31,'Quick Setup'!$K32,if(AL3='Quick Setup'!$L$31,'Quick Setup'!$L32,if(AL3='Quick Setup'!$M$31,'Quick Setup'!$M32,if(AL3='Quick Setup'!$N$31,'Quick Setup'!$N32,if(AL3='Quick Setup'!$O$31,'Quick Setup'!$O32,if(AL3='Quick Setup'!$P$31,'Quick Setup'!$P32,if(AL3='Quick Setup'!$Q$31,'Quick Setup'!$Q32,if(AL3='Quick Setup'!$R$31,'Quick Setup'!$R32,if(AL3='Quick Setup'!$S$31,'Quick Setup'!$S32,if(AL3='Quick Setup'!$T$31,'Quick Setup'!$T32,if(AL3='Quick Setup'!$U$31,'Quick Setup'!$U32,if(AL3='Quick Setup'!$V$31,'Quick Setup'!$V32,'Quick Setup'!$W32)))))))))))))))))))) -> 5 | AN3: =if(AL3='Quick Setup'!$C$45,'Quick Setup'!$C46,if(AL3='Quick Setup'!$D$45,'Quick Setup'!$D46,if(AL3='Quick Setup'!$E$45,'Quick Setup'!$E46,if(AL3='Quick Setup'!$F$45,'Quick Setup'!$F46,if(AL3='Quick Setup'!$G$45,'Quick Setup'!$G46,if(AL3='Quick Setup'!$H$45,'Quick Setup'!$H46,if(AL3='Quick Setup'!$I$45,'Quick Setup'!$I46,if(AL3='Quick Setup'!$J$45,'Quick Setup'!$J46,if(AL3='Quick Setup'!$K$45,'Quick Setup'!$K46,if(AL3='Quick Setup'!$L$45,'Quick Setup'!$L46,if(AL3='Quick Setup'!$M$45,'Quick Setup'!$M46,if(AL3='Quick Setup'!$N$45,'Quick Setup'!$N46,if(AL3='Quick Setup'!$O$45,'Quick Setup'!$O46,if(AL3='Quick Setup'!$P$45,'Quick Setup'!$P46,if(AL3='Quick Setup'!$Q$45,'Quick Setup'!$Q46,if(AL3='Quick Setup'!$R$45,'Quick Setup'!$R46,if(AL3='Quick Setup'!$S$45,'Quick Setup'!$S46,if(AL3='Quick Setup'!$T$45,'Quick Setup'!$T46,if(AL3='Quick Setup'!$U$45,'Quick Setup'!$U46,if(AL3='Quick Setup'!$V$45,'Quick Setup'!$V46,'Quick Setup'!$W46)))))))))))))))))))) -> 3 | AO3: =AC3 -> 5 | AP3: =AD3 -> -0.05 | AQ3: =AE3 -> -0.02 | AR3: =AF3 -> 0 | AS3: =AG3 -> 0.005 | AT3: =AH3 -> 0.01 | AU3: =AI3 -> 0.015 | AV3: =AJ3 -> 0.02 | AW3: =AK3 -> 0.03 | AX3: ='Quick Setup'!G60 -> 0.775 | AY3: =if(AX3='Quick Setup'!$C$31,'Quick Setup'!$C32,if(AX3='Quick Setup'!$D$31,'Quick Setup'!$D32,if(AX3='Quick Setup'!$E$31,'Quick Setup'!$E32,if(AX3='Quick Setup'!$F$31,'Quick Setup'!$F32,if(AX3='Quick Setup'!$G$31,'Quick Setup'!$G32,if(AX3='Quick Setup'!$H$31,'Quick Setup'!$H32,if(AX3='Quick Setup'!$I$31,'Quick Setup'!$I32,if(AX3='Quick Setup'!$J$31,'Quick Setup'!$J32,if(AX3='Quick Setup'!$K$31,'Quick Setup'!$K32,if(AX3='Quick Setup'!$L$31,'Quick Setup'!$L32,if(AX3='Quick Setup'!$M$31,'Quick Setup'!$M32,if(AX3='Quick Setup'!$N$31,'Quick Setup'!$N32,if(AX3='Quick Setup'!$O$31,'Quick Setup'!$O32,if(AX3='Quick Setup'!$P$31,'Quick Setup'!$P32,if(AX3='Quick Setup'!$Q$31,'Quick Setup'!$Q32,if(AX3='Quick Setup'!$R$31,'Quick Setup'!$R32,if(AX3='Quick Setup'!$S$31,'Quick Setup'!$S32,if(AX3='Quick Setup'!$T$31,'Quick Setup'!$T32,if(AX3='Quick Setup'!$U$31,'Quick Setup'!$U32,if(AX3='Quick Setup'!$V$31,'Quick Setup'!$V32,'Quick Setup'!$W32)))))))))))))))))))) -> 4 | AZ3: =if(AX3='Quick Setup'!$C$45,'Quick Setup'!$C46,if(AX3='Quick Setup'!$D$45,'Quick Setup'!$D46,if(AX3='Quick Setup'!$E$45,'Quick Setup'!$E46,if(AX3='Quick Setup'!$F$45,'Quick Setup'!$F46,if(AX3='Quick Setup'!$G$45,'Quick Setup'!$G46,if(AX3='Quick Setup'!$H$45,'Quick Setup'!$H46,if(AX3='Quick Setup'!$I$45,'Quick Setup'!$I46,if(AX3='Quick Setup'!$J$45,'Quick Setup'!$J46,if(AX3='Quick Setup'!$K$45,'Quick Setup'!$K46,if(AX3='Quick Setup'!$L$45,'Quick Setup'!$L46,if(AX3='Quick Setup'!$M$45,'Quick Setup'!$M46,if(AX3='Quick Setup'!$N$45,'Quick Setup'!$N46,if(AX3='Quick Setup'!$O$45,'Quick Setup'!$O46,if(AX3='Quick Setup'!$P$45,'Quick Setup'!$P46,if(AX3='Quick Setup'!$Q$45,'Quick Setup'!$Q46,if(AX3='Quick Setup'!$R$45,'Quick Setup'!$R46,if(AX3='Quick Setup'!$S$45,'Quick Setup'!$S46,if(AX3='Quick Setup'!$T$45,'Quick Setup'!$T46,if(AX3='Quick Setup'!$U$45,'Quick Setup'!$U46,if(AX3='Quick Setup'!$V$45,'Quick Setup'!$V46,'Quick Setup'!$W46)))))))))))))))))))) -> 2 | BA3: =AO3 -> 5 | BB3: =AP3 -> -0.05 | BC3: =AQ3 -> -0.02 | BD3: =AR3 -> 0 | BE3: =AS3 -> 0.005 | BF3: =AT3 -> 0.01 | BG3: =AU3 -> 0.015 | BH3: =AV3 -> 0.02 | BI3: =AW3 -> 0.03 | BJ3: ='Quick Setup'!H60 -> 0.825 | BK3: =if(BJ3='Quick Setup'!$C$31,'Quick Setup'!$C32,if(BJ3='Quick Setup'!$D$31,'Quick Setup'!$D32,if(BJ3='Quick Setup'!$E$31,'Quick Setup'!$E32,if(BJ3='Quick Setup'!$F$31,'Quick Setup'!$F32,if(BJ3='Quick Setup'!$G$31,'Quick Setup'!$G32,if(BJ3='Quick Setup'!$H$31,'Quick Setup'!$H32,if(BJ3='Quick Setup'!$I$31,'Quick Setup'!$I32,if(BJ3='Quick Setup'!$J$31,'Quick Setup'!$J32,if(BJ3='Quick Setup'!$K$31,'Quick Setup'!$K32,if(BJ3='Quick Setup'!$L$31,'Quick Setup'!$L32,if(BJ3='Quick Setup'!$M$31,'Quick Setup'!$M32,if(BJ3='Quick Setup'!$N$31,'Quick Setup'!$N32,if(BJ3='Quick Setup'!$O$31,'Quick Setup'!$O32,if(BJ3='Quick Setup'!$P$31,'Quick Setup'!$P32,if(BJ3='Quick Setup'!$Q$31,'Quick Setup'!$Q32,if(BJ3='Quick Setup'!$R$31,'Quick Setup'!$R32,if(BJ3='Quick Setup'!$S$31,'Quick Setup'!$S32,if(BJ3='Quick Setup'!$T$31,'Quick Setup'!$T32,if(BJ3='Quick Setup'!$U$31,'Quick Setup'!$U32,if(BJ3='Quick Setup'!$V$31,'Quick Setup'!$V32,'Quick Setup'!$W32)))))))))))))))))))) -> 3 | BL3: =if(BJ3='Quick Setup'!$C$45,'Quick Setup'!$C46,if(BJ3='Quick Setup'!$D$45,'Quick Setup'!$D46,if(BJ3='Quick Setup'!$E$45,'Quick Setup'!$E46,if(BJ3='Quick Setup'!$F$45,'Quick Setup'!$F46,if(BJ3='Quick Setup'!$G$45,'Quick Setup'!$G46,if(BJ3='Quick Setup'!$H$45,'Quick Setup'!$H46,if(BJ3='Quick Setup'!$I$45,'Quick Setup'!$I46,if(BJ3='Quick Setup'!$J$45,'Quick Setup'!$J46,if(BJ3='Quick Setup'!$K$45,'Quick Setup'!$K46,if(BJ3='Quick Setup'!$L$45,'Quick Setup'!$L46,if(BJ3='Quick Setup'!$M$45,'Quick Setup'!$M46,if(BJ3='Quick Setup'!$N$45,'Quick Setup'!$N46,if(BJ3='Quick Setup'!$O$45,'Quick Setup'!$O46,if(BJ3='Quick Setup'!$P$45,'Quick Setup'!$P46,if(BJ3='Quick Setup'!$Q$45,'Quick Setup'!$Q46,if(BJ3='Quick Setup'!$R$45,'Quick Setup'!$R46,if(BJ3='Quick Setup'!$S$45,'Quick Setup'!$S46,if(BJ3='Quick Setup'!$T$45,'Quick Setup'!$T46,if(BJ3='Quick Setup'!$U$45,'Quick Setup'!$U46,if(BJ3='Quick Setup'!$V$45,'Quick Setup'!$V46,'Quick Setup'!$W46)))))))))))))))))))) -> 2 | BM3: =BA3 -> 5 | BN3: =BB3 -> -0.05 | BO3: =BC3 -> -0.02 | BP3: =BD3 -> 0 | BQ3: =BE3 -> 0.005 | BR3: =BF3 -> 0.01 | BS3: =BG3 -> 0.015 | BT3: =BH3 -> 0.02 | BU3: =BI3 -> 0.03 | BV3: ='Quick Setup'!I60 -> 0.6 | BW3: =if(BV3='Quick Setup'!$C$31,'Quick Setup'!$C32,if(BV3='Quick Setup'!$D$31,'Quick Setup'!$D32,if(BV3='Quick Setup'!$E$31,'Quick Setup'!$E32,if(BV3='Quick Setup'!$F$31,'Quick Setup'!$F32,if(BV3='Quick Setup'!$G$31,'Quick Setup'!$G32,if(BV3='Quick Setup'!$H$31,'Quick Setup'!$H32,if(BV3='Quick Setup'!$I$31,'Quick Setup'!$I32,if(BV3='Quick Setup'!$J$31,'Quick Setup'!$J32,if(BV3='Quick Setup'!$K$31,'Quick Setup'!$K32,if(BV3='Quick Setup'!$L$31,'Quick Setup'!$L32,if(BV3='Quick Setup'!$M$31,'Quick Setup'!$M32,if(BV3='Quick Setup'!$N$31,'Quick Setup'!$N32,if(BV3='Quick Setup'!$O$31,'Quick Setup'!$O32,if(BV3='Quick Setup'!$P$31,'Quick Setup'!$P32,if(BV3='Quick Setup'!$Q$31,'Quick Setup'!$Q32,if(BV3='Quick Setup'!$R$31,'Quick Setup'!$R32,if(BV3='Quick Setup'!$S$31,'Quick Setup'!$S32,if(BV3='Quick Setup'!$T$31,'Quick Setup'!$T32,if(BV3='Quick Setup'!$U$31,'Quick Setup'!$U32,if(BV3='Quick Setup'!$V$31,'Quick Setup'!$V32,'Quick Setup'!$W32)))))))))))))))))))) -> 7 | BX3: =if(BV3='Quick Setup'!$C$45,'Quick Setup'!$C46,if(BV3='Quick Setup'!$D$45,'Quick Setup'!$D46,if(BV3='Quick Setup'!$E$45,'Quick Setup'!$E46,if(BV3='Quick Setup'!$F$45,'Quick Setup'!$F46,if(BV3='Quick Setup'!$G$45,'Quick Setup'!$G46,if(BV3='Quick Setup'!$H$45,'Quick Setup'!$H46,if(BV3='Quick Setup'!$I$45,'Quick Setup'!$I46,if(BV3='Quick Setup'!$J$45,'Quick Setup'!$J46,if(BV3='Quick Setup'!$K$45,'Quick Setup'!$K46,if(BV3='Quick Setup'!$L$45,'Quick Setup'!$L46,if(BV3='Quick Setup'!$M$45,'Quick Setup'!$M46,if(BV3='Quick Setup'!$N$45,'Quick Setup'!$N46,if(BV3='Quick Setup'!$O$45,'Quick Setup'!$O46,if(BV3='Quick Setup'!$P$45,'Quick Setup'!$P46,if(BV3='Quick Setup'!$Q$45,'Quick Setup'!$Q46,if(BV3='Quick Setup'!$R$45,'Quick Setup'!$R46,if(BV3='Quick Setup'!$S$45,'Quick Setup'!$S46,if(BV3='Quick Setup'!$T$45,'Quick Setup'!$T46,if(BV3='Quick Setup'!$U$45,'Quick Setup'!$U46,if(BV3='Quick Setup'!$V$45,'Quick Setup'!$V46,'Quick Setup'!$W46)))))))))))))))))))) -> 3 | BY3: =BM3 -> 5 | BZ3: =BN3 -> -0.05 | CA3: =BO3 -> -0.02 | CB3: =BP3 -> 0 | CC3: =BQ3 -> 0.005 | CD3: =BR3 -> 0.01 | CE3: =BS3 -> 0.015 | CF3: =BT3 -> 0.02 | CG3: =BU3 -> 0.03 | CH3: ='Quick Setup'!J60 -> 0.75 | CI3: =if(CH3='Quick Setup'!$C$31,'Quick Setup'!$C32,if(CH3='Quick Setup'!$D$31,'Quick Setup'!$D32,if(CH3='Quick Setup'!$E$31,'Quick Setup'!$E32,if(CH3='Quick Setup'!$F$31,'Quick Setup'!$F32,if(CH3='Quick Setup'!$G$31,'Quick Setup'!$G32,if(CH3='Quick Setup'!$H$31,'Quick Setup'!$H32,if(CH3='Quick Setup'!$I$31,'Quick Setup'!$I32,if(CH3='Quick Setup'!$J$31,'Quick Setup'!$J32,if(CH3='Quick Setup'!$K$31,'Quick Setup'!$K32,if(CH3='Quick Setup'!$L$31,'Quick Setup'!$L32,if(CH3='Quick Setup'!$M$31,'Quick Setup'!$M32,if(CH3='Quick Setup'!$N$31,'Quick Setup'!$N32,if(CH3='Quick Setup'!$O$31,'Quick Setup'!$O32,if(CH3='Quick Setup'!$P$31,'Quick Setup'!$P32,if(CH3='Quick Setup'!$Q$31,'Quick Setup'!$Q32,if(CH3='Quick Setup'!$R$31,'Quick Setup'!$R32,if(CH3='Quick Setup'!$S$31,'Quick Setup'!$S32,if(CH3='Quick Setup'!$T$31,'Quick Setup'!$T32,if(CH3='Quick Setup'!$U$31,'Quick Setup'!$U32,if(CH3='Quick Setup'!$V$31,'Quick Setup'!$V32,'Quick Setup'!$W32)))))))))))))))))))) -> 4 | CJ3: =if(CH3='Quick Setup'!$C$45,'Quick Setup'!$C46,if(CH3='Quick Setup'!$D$45,'Quick Setup'!$D46,if(CH3='Quick Setup'!$E$45,'Quick Setup'!$E46,if(CH3='Quick Setup'!$F$45,'Quick Setup'!$F46,if(CH3='Quick Setup'!$G$45,'Quick Setup'!$G46,if(CH3='Quick Setup'!$H$45,'Quick Setup'!$H46,if(CH3='Quick Setup'!$I$45,'Quick Setup'!$I46,if(CH3='Quick Setup'!$J$45,'Quick Setup'!$J46,if(CH3='Quick Setup'!$K$45,'Quick Setup'!$K46,if(CH3='Quick Setup'!$L$45,'Quick Setup'!$L46,if(CH3='Quick Setup'!$M$45,'Quick Setup'!$M46,if(CH3='Quick Setup'!$N$45,'Quick Setup'!$N46,if(CH3='Quick Setup'!$O$45,'Quick Setup'!$O46,if(CH3='Quick Setup'!$P$45,'Quick Setup'!$P46,if(CH3='Quick Setup'!$Q$45,'Quick Setup'!$Q46,if(CH3='Quick Setup'!$R$45,'Quick Setup'!$R46,if(CH3='Quick Setup'!$S$45,'Quick Setup'!$S46,if(CH3='Quick Setup'!$T$45,'Quick Setup'!$T46,if(CH3='Quick Setup'!$U$45,'Quick Setup'!$U46,if(CH3='Quick Setup'!$V$45,'Quick Setup'!$V46,'Quick Setup'!$W46)))))))))))))))))))) -> 2 | CK3: =BY3 -> 5 | CL3: =BZ3 -> -0.05 | CM3: =CA3 -> -0.02 | CN3: =CB3 -> 0 | CO3: =CC3 -> 0.005 | CP3: =CD3 -> 0.01 | CQ3: =CE3 -> 0.015 | CR3: =CF3 -> 0.02 | CS3: =CG3 -> 0.03 | CT3: ='Quick Setup'!K60 -> 0.8 | CU3: =if(CT3='Quick Setup'!$C$31,'Quick Setup'!$C32,if(CT3='Quick Setup'!$D$31,'Quick Setup'!$D32,if(CT3='Quick Setup'!$E$31,'Quick Setup'!$E32,if(CT3='Quick Setup'!$F$31,'Quick Setup'!$F32,if(CT3='Quick Setup'!$G$31,'Quick Setup'!$G32,if(CT3='Quick Setup'!$H$31,'Quick Setup'!$H32,if(CT3='Quick Setup'!$I$31,'Quick Setup'!$I32,if(CT3='Quick Setup'!$J$31,'Quick Setup'!$J32,if(CT3='Quick Setup'!$K$31,'Quick Setup'!$K32,if(CT3='Quick Setup'!$L$31,'Quick Setup'!$L32,if(CT3='Quick Setup'!$M$31,'Quick Setup'!$M32,if(CT3='Quick Setup'!$N$31,'Quick Setup'!$N32,if(CT3='Quick Setup'!$O$31,'Quick Setup'!$O32,if(CT3='Quick Setup'!$P$31,'Quick Setup'!$P32,if(CT3='Quick Setup'!$Q$31,'Quick Setup'!$Q32,if(CT3='Quick Setup'!$R$31,'Quick Setup'!$R32,if(CT3='Quick Setup'!$S$31,'Quick Setup'!$S32,if(CT3='Quick Setup'!$T$31,'Quick Setup'!$T32,if(CT3='Quick Setup'!$U$31,'Quick Setup'!$U32,if(CT3='Quick Setup'!$V$31,'Quick Setup'!$V32,'Quick Setup'!$W32)))))))))))))))))))) -> 3 | CV3: =if(CT3='Quick Setup'!$C$45,'Quick Setup'!$C46,if(CT3='Quick Setup'!$D$45,'Quick Setup'!$D46,if(CT3='Quick Setup'!$E$45,'Quick Setup'!$E46,if(CT3='Quick Setup'!$F$45,'Quick Setup'!$F46,if(CT3='Quick Setup'!$G$45,'Quick Setup'!$G46,if(CT3='Quick Setup'!$H$45,'Quick Setup'!$H46,if(CT3='Quick Setup'!$I$45,'Quick Setup'!$I46,if(CT3='Quick Setup'!$J$45,'Quick Setup'!$J46,if(CT3='Quick Setup'!$K$45,'Quick Setup'!$K46,if(CT3='Quick Setup'!$L$45,'Quick Setup'!$L46,if(CT3='Quick Setup'!$M$45,'Quick Setup'!$M46,if(CT3='Quick Setup'!$N$45,'Quick Setup'!$N46,if(CT3='Quick Setup'!$O$45,'Quick Setup'!$O46,if(CT3='Quick Setup'!$P$45,'Quick Setup'!$P46,if(CT3='Quick Setup'!$Q$45,'Quick Setup'!$Q46,if(CT3='Quick Setup'!$R$45,'Quick Setup'!$R46,if(CT3='Quick Setup'!$S$45,'Quick Setup'!$S46,if(CT3='Quick Setup'!$T$45,'Quick Setup'!$T46,if(CT3='Quick Setup'!$U$45,'Quick Setup'!$U46,if(CT3='Quick Setup'!$V$45,'Quick Setup'!$V46,'Quick Setup'!$W46)))))))))))))))))))) -> 2 | CW3: =CK3 -> 5 | CX3: =CL3 -> -0.05 | CY3: =CM3 -> -0.02 | CZ3: =CN3 -> 0 | DA3: =CO3 -> 0.005 | DB3: =CP3 -> 0.01 | DC3: =CQ3 -> 0.015 | DD3: =CR3 -> 0.02 | DE3: =CS3 -> 0.03 | DF3: ='Quick Setup'!L60 -> 0.85 | DG3: =if(DF3='Quick Setup'!$C$31,'Quick Setup'!$C32,if(DF3='Quick Setup'!$D$31,'Quick Setup'!$D32,if(DF3='Quick Setup'!$E$31,'Quick Setup'!$E32,if(DF3='Quick Setup'!$F$31,'Quick Setup'!$F32,if(DF3='Quick Setup'!$G$31,'Quick Setup'!$G32,if(DF3='Quick Setup'!$H$31,'Quick Setup'!$H32,if(DF3='Quick Setup'!$I$31,'Quick Setup'!$I32,if(DF3='Quick Setup'!$J$31,'Quick Setup'!$J32,if(DF3='Quick Setup'!$K$31,'Quick Setup'!$K32,if(DF3='Quick Setup'!$L$31,'Quick Setup'!$L32,if(DF3='Quick Setup'!$M$31,'Quick Setup'!$M32,if(DF3='Quick Setup'!$N$31,'Quick Setup'!$N32,if(DF3='Quick Setup'!$O$31,'Quick Setup'!$O32,if(DF3='Quick Setup'!$P$31,'Quick Setup'!$P32,if(DF3='Quick Setup'!$Q$31,'Quick Setup'!$Q32,if(DF3='Quick Setup'!$R$31,'Quick Setup'!$R32,if(DF3='Quick Setup'!$S$31,'Quick Setup'!$S32,if(DF3='Quick Setup'!$T$31,'Quick Setup'!$T32,if(DF3='Quick Setup'!$U$31,'Quick Setup'!$U32,if(DF3='Quick Setup'!$V$31,'Quick Setup'!$V32,'Quick Setup'!$W32)))))))))))))))))))) -> 2 | DH3: =if(DF3='Quick Setup'!$C$45,'Quick Setup'!$C46,if(DF3='Quick Setup'!$D$45,'Quick Setup'!$D46,if(DF3='Quick Setup'!$E$45,'Quick Setup'!$E46,if(DF3='Quick Setup'!$F$45,'Quick Setup'!$F46,if(DF3='Quick Setup'!$G$45,'Quick Setup'!$G46,if(DF3='Quick Setup'!$H$45,'Quick Setup'!$H46,if(DF3='Quick Setup'!$I$45,'Quick Setup'!$I46,if(DF3='Quick Setup'!$J$45,'Quick Setup'!$J46,if(DF3='Quick Setup'!$K$45,'Quick Setup'!$K46,if(DF3='Quick Setup'!$L$45,'Quick Setup'!$L46,if(DF3='Quick Setup'!$M$45,'Quick Setup'!$M46,if(DF3='Quick Setup'!$N$45,'Quick Setup'!$N46,if(DF3='Quick Setup'!$O$45,'Quick Setup'!$O46,if(DF3='Quick Setup'!$P$45,'Quick Setup'!$P46,if(DF3='Quick Setup'!$Q$45,'Quick Setup'!$Q46,if(DF3='Quick Setup'!$R$45,'Quick Setup'!$R46,if(DF3='Quick Setup'!$S$45,'Quick Setup'!$S46,if(DF3='Quick Setup'!$T$45,'Quick Setup'!$T46,if(DF3='Quick Setup'!$U$45,'Quick Setup'!$U46,if(DF3='Quick Setup'!$V$45,'Quick Setup'!$V46,'Quick Setup'!$W46)))))))))))))))))))) -> 1 | DI3: =CW3 -> 5 | DJ3: =CX3 -> -0.05 | DK3: =CY3 -> -0.02 | DL3: =CZ3 -> 0 | DM3: =DA3 -> 0.005 | DN3: =DB3 -> 0.01 | DO3: =DC3 -> 0.015 | DP3: =DD3 -> 0.02 | DQ3: =DE3 -> 0.03 | DR3: ='Quick Setup'!M60 -> 0.775 | DS3: =if(DR3='Quick Setup'!$C$31,'Quick Setup'!$C32,if(DR3='Quick Setup'!$D$31,'Quick Setup'!$D32,if(DR3='Quick Setup'!$E$31,'Quick Setup'!$E32,if(DR3='Quick Setup'!$F$31,'Quick Setup'!$F32,if(DR3='Quick Setup'!$G$31,'Quick Setup'!$G32,if(DR3='Quick Setup'!$H$31,'Quick Setup'!$H32,if(DR3='Quick Setup'!$I$31,'Quick Setup'!$I32,if(DR3='Quick Setup'!$J$31,'Quick Setup'!$J32,if(DR3='Quick Setup'!$K$31,'Quick Setup'!$K32,if(DR3='Quick Setup'!$L$31,'Quick Setup'!$L32,if(DR3='Quick Setup'!$M$31,'Quick Setup'!$M32,if(DR3='Quick Setup'!$N$31,'Quick Setup'!$N32,if(DR3='Quick Setup'!$O$31,'Quick Setup'!$O32,if(DR3='Quick Setup'!$P$31,'Quick Setup'!$P32,if(DR3='Quick Setup'!$Q$31,'Quick Setup'!$Q32,if(DR3='Quick Setup'!$R$31,'Quick Setup'!$R32,if(DR3='Quick Setup'!$S$31,'Quick Setup'!$S32,if(DR3='Quick Setup'!$T$31,'Quick Setup'!$T32,if(DR3='Quick Setup'!$U$31,'Quick Setup'!$U32,if(DR3='Quick Setup'!$V$31,'Quick Setup'!$V32,'Quick Setup'!$W32)))))))))))))))))))) -> 4 | DT3: =if(DR3='Quick Setup'!$C$45,'Quick Setup'!$C46,if(DR3='Quick Setup'!$D$45,'Quick Setup'!$D46,if(DR3='Quick Setup'!$E$45,'Quick Setup'!$E46,if(DR3='Quick Setup'!$F$45,'Quick Setup'!$F46,if(DR3='Quick Setup'!$G$45,'Quick Setup'!$G46,if(DR3='Quick Setup'!$H$45,'Quick Setup'!$H46,if(DR3='Quick Setup'!$I$45,'Quick Setup'!$I46,if(DR3='Quick Setup'!$J$45,'Quick Setup'!$J46,if(DR3='Quick Setup'!$K$45,'Quick Setup'!$K46,if(DR3='Quick Setup'!$L$45,'Quick Setup'!$L46,if(DR3='Quick Setup'!$M$45,'Quick Setup'!$M46,if(DR3='Quick Setup'!$N$45,'Quick Setup'!$N46,if(DR3='Quick Setup'!$O$45,'Quick Setup'!$O46,if(DR3='Quick Setup'!$P$45,'Quick Setup'!$P46,if(DR3='Quick Setup'!$Q$45,'Quick Setup'!$Q46,if(DR3='Quick Setup'!$R$45,'Quick Setup'!$R46,if(DR3='Quick Setup'!$S$45,'Quick Setup'!$S46,if(DR3='Quick Setup'!$T$45,'Quick Setup'!$T46,if(DR3='Quick Setup'!$U$45,'Quick Setup'!$U46,if(DR3='Quick Setup'!$V$45,'Quick Setup'!$V46,'Quick Setup'!$W46)))))))))))))))))))) -> 2 | DU3: =DI3 -> 5 | DV3: =DJ3 -> -0.05 | DW3: =DK3 -> -0.02 | DX3: =DL3 -> 0 | DY3: =DM3 -> 0.005 | DZ3: =DN3 -> 0.01 | EA3: =DO3 -> 0.015 | EB3: =DP3 -> 0.02 | EC3: =DQ3 -> 0.03 | ED3: ='Quick Setup'!N60 -> 0.825 | EE3: =if(ED3='Quick Setup'!$C$31,'Quick Setup'!$C32,if(ED3='Quick Setup'!$D$31,'Quick Setup'!$D32,if(ED3='Quick Setup'!$E$31,'Quick Setup'!$E32,if(ED3='Quick Setup'!$F$31,'Quick Setup'!$F32,if(ED3='Quick Setup'!$G$31,'Quick Setup'!$G32,if(ED3='Quick Setup'!$H$31,'Quick Setup'!$H32,if(ED3='Quick Setup'!$I$31,'Quick Setup'!$I32,if(ED3='Quick Setup'!$J$31,'Quick Setup'!$J32,if(ED3='Quick Setup'!$K$31,'Quick Setup'!$K32,if(ED3='Quick Setup'!$L$31,'Quick Setup'!$L32,if(ED3='Quick Setup'!$M$31,'Quick Setup'!$M32,if(ED3='Quick Setup'!$N$31,'Quick Setup'!$N32,if(ED3='Quick Setup'!$O$31,'Quick Setup'!$O32,if(ED3='Quick Setup'!$P$31,'Quick Setup'!$P32,if(ED3='Quick Setup'!$Q$31,'Quick Setup'!$Q32,if(ED3='Quick Setup'!$R$31,'Quick Setup'!$R32,if(ED3='Quick Setup'!$S$31,'Quick Setup'!$S32,if(ED3='Quick Setup'!$T$31,'Quick Setup'!$T32,if(ED3='Quick Setup'!$U$31,'Quick Setup'!$U32,if(ED3='Quick Setup'!$V$31,'Quick Setup'!$V32,'Quick Setup'!$W32)))))))))))))))))))) -> 3 | EF3: =if(ED3='Quick Setup'!$C$45,'Quick Setup'!$C46,if(ED3='Quick Setup'!$D$45,'Quick Setup'!$D46,if(ED3='Quick Setup'!$E$45,'Quick Setup'!$E46,if(ED3='Quick Setup'!$F$45,'Quick Setup'!$F46,if(ED3='Quick Setup'!$G$45,'Quick Setup'!$G46,if(ED3='Quick Setup'!$H$45,'Quick Setup'!$H46,if(ED3='Quick Setup'!$I$45,'Quick Setup'!$I46,if(ED3='Quick Setup'!$J$45,'Quick Setup'!$J46,if(ED3='Quick Setup'!$K$45,'Quick Setup'!$K46,if(ED3='Quick Setup'!$L$45,'Quick Setup'!$L46,if(ED3='Quick Setup'!$M$45,'Quick Setup'!$M46,if(ED3='Quick Setup'!$N$45,'Quick Setup'!$N46,if(ED3='Quick Setup'!$O$45,'Quick Setup'!$O46,if(ED3='Quick Setup'!$P$45,'Quick Setup'!$P46,if(ED3='Quick Setup'!$Q$45,'Quick Setup'!$Q46,if(ED3='Quick Setup'!$R$45,'Quick Setup'!$R46,if(ED3='Quick Setup'!$S$45,'Quick Setup'!$S46,if(ED3='Quick Setup'!$T$45,'Quick Setup'!$T46,if(ED3='Quick Setup'!$U$45,'Quick Setup'!$U46,if(ED3='Quick Setup'!$V$45,'Quick Setup'!$V46,'Quick Setup'!$W46)))))))))))))))))))) -> 2 | EG3: =DU3 -> 5 | EH3: =DV3 -> -0.05 | EI3: =DW3 -> -0.02 | EJ3: =DX3 -> 0 | EK3: =DY3 -> 0.005 | EL3: =DZ3 -> 0.01 | EM3: =EA3 -> 0.015 | EN3: =EB3 -> 0.02 | EO3: =EC3 -> 0.03 | EP3: ='Quick Setup'!O60 -> 0.875 | EQ3: =if(EP3='Quick Setup'!$C$31,'Quick Setup'!$C32,if(EP3='Quick Setup'!$D$31,'Quick Setup'!$D32,if(EP3='Quick Setup'!$E$31,'Quick Setup'!$E32,if(EP3='Quick Setup'!$F$31,'Quick Setup'!$F32,if(EP3='Quick Setup'!$G$31,'Quick Setup'!$G32,if(EP3='Quick Setup'!$H$31,'Quick Setup'!$H32,if(EP3='Quick Setup'!$I$31,'Quick Setup'!$I32,if(EP3='Quick Setup'!$J$31,'Quick Setup'!$J32,if(EP3='Quick Setup'!$K$31,'Quick Setup'!$K32,if(EP3='Quick Setup'!$L$31,'Quick Setup'!$L32,if(EP3='Quick Setup'!$M$31,'Quick Setup'!$M32,if(EP3='Quick Setup'!$N$31,'Quick Setup'!$N32,if(EP3='Quick Setup'!$O$31,'Quick Setup'!$O32,if(EP3='Quick Setup'!$P$31,'Quick Setup'!$P32,if(EP3='Quick Setup'!$Q$31,'Quick Setup'!$Q32,if(EP3='Quick Setup'!$R$31,'Quick Setup'!$R32,if(EP3='Quick Setup'!$S$31,'Quick Setup'!$S32,if(EP3='Quick Setup'!$T$31,'Quick Setup'!$T32,if(EP3='Quick Setup'!$U$31,'Quick Setup'!$U32,if(EP3='Quick Setup'!$V$31,'Quick Setup'!$V32,'Quick Setup'!$W32)))))))))))))))))))) -> 2 | ER3: =if(EP3='Quick Setup'!$C$45,'Quick Setup'!$C46,if(EP3='Quick Setup'!$D$45,'Quick Setup'!$D46,if(EP3='Quick Setup'!$E$45,'Quick Setup'!$E46,if(EP3='Quick Setup'!$F$45,'Quick Setup'!$F46,if(EP3='Quick Setup'!$G$45,'Quick Setup'!$G46,if(EP3='Quick Setup'!$H$45,'Quick Setup'!$H46,if(EP3='Quick Setup'!$I$45,'Quick Setup'!$I46,if(EP3='Quick Setup'!$J$45,'Quick Setup'!$J46,if(EP3='Quick Setup'!$K$45,'Quick Setup'!$K46,if(EP3='Quick Setup'!$L$45,'Quick Setup'!$L46,if(EP3='Quick Setup'!$M$45,'Quick Setup'!$M46,if(EP3='Quick Setup'!$N$45,'Quick Setup'!$N46,if(EP3='Quick Setup'!$O$45,'Quick Setup'!$O46,if(EP3='Quick Setup'!$P$45,'Quick Setup'!$P46,if(EP3='Quick Setup'!$Q$45,'Quick Setup'!$Q46,if(EP3='Quick Setup'!$R$45,'Quick Setup'!$R46,if(EP3='Quick Setup'!$S$45,'Quick Setup'!$S46,if(EP3='Quick Setup'!$T$45,'Quick Setup'!$T46,if(EP3='Quick Setup'!$U$45,'Quick Setup'!$U46,if(EP3='Quick Setup'!$V$45,'Quick Setup'!$V46,'Quick Setup'!$W46)))))))))))))))))))) -> 1 | ES3: =EG3 -> 5 | ET3: =EH3 -> -0.05 | EU3: =EI3 -> -0.02 | EV3: =EJ3 -> 0 | EW3: =EK3 -> 0.005 | EX3: =EL3 -> 0.01 | EY3: =EM3 -> 0.015 | EZ3: =EN3 -> 0.02 | FA3: =EO3 -> 0.03 | FB3: ='Quick Setup'!P60 -> 0.6 | FC3: =if(FB3='Quick Setup'!$C$31,'Quick Setup'!$C32,if(FB3='Quick Setup'!$D$31,'Quick Setup'!$D32,if(FB3='Quick Setup'!$E$31,'Quick Setup'!$E32,if(FB3='Quick Setup'!$F$31,'Quick Setup'!$F32,if(FB3='Quick Setup'!$G$31,'Quick Setup'!$G32,if(FB3='Quick Setup'!$H$31,'Quick Setup'!$H32,if(FB3='Quick Setup'!$I$31,'Quick Setup'!$I32,if(FB3='Quick Setup'!$J$31,'Quick Setup'!$J32,if(FB3='Quick Setup'!$K$31,'Quick Setup'!$K32,if(FB3='Quick Setup'!$L$31,'Quick Setup'!$L32,if(FB3='Quick Setup'!$M$31,'Quick Setup'!$M32,if(FB3='Quick Setup'!$N$31,'Quick Setup'!$N32,if(FB3='Quick Setup'!$O$31,'Quick Setup'!$O32,if(FB3='Quick Setup'!$P$31,'Quick Setup'!$P32,if(FB3='Quick Setup'!$Q$31,'Quick Setup'!$Q32,if(FB3='Quick Setup'!$R$31,'Quick Setup'!$R32,if(FB3='Quick Setup'!$S$31,'Quick Setup'!$S32,if(FB3='Quick Setup'!$T$31,'Quick Setup'!$T32,if(FB3='Quick Setup'!$U$31,'Quick Setup'!$U32,if(FB3='Quick Setup'!$V$31,'Quick Setup'!$V32,'Quick Setup'!$W32)))))))))))))))))))) -> 7 | FD3: =if(FB3='Quick Setup'!$C$45,'Quick Setup'!$C46,if(FB3='Quick Setup'!$D$45,'Quick Setup'!$D46,if(FB3='Quick Setup'!$E$45,'Quick Setup'!$E46,if(FB3='Quick Setup'!$F$45,'Quick Setup'!$F46,if(FB3='Quick Setup'!$G$45,'Quick Setup'!$G46,if(FB3='Quick Setup'!$H$45,'Quick Setup'!$H46,if(FB3='Quick Setup'!$I$45,'Quick Setup'!$I46,if(FB3='Quick Setup'!$J$45,'Quick Setup'!$J46,if(FB3='Quick Setup'!$K$45,'Quick Setup'!$K46,if(FB3='Quick Setup'!$L$45,'Quick Setup'!$L46,if(FB3='Quick Setup'!$M$45,'Quick Setup'!$M46,if(FB3='Quick Setup'!$N$45,'Quick Setup'!$N46,if(FB3='Quick Setup'!$O$45,'Quick Setup'!$O46,if(FB3='Quick Setup'!$P$45,'Quick Setup'!$P46,if(FB3='Quick Setup'!$Q$45,'Quick Setup'!$Q46,if(FB3='Quick Setup'!$R$45,'Quick Setup'!$R46,if(FB3='Quick Setup'!$S$45,'Quick Setup'!$S46,if(FB3='Quick Setup'!$T$45,'Quick Setup'!$T46,if(FB3='Quick Setup'!$U$45,'Quick Setup'!$U46,if(FB3='Quick Setup'!$V$45,'Quick Setup'!$V46,'Quick Setup'!$W46)))))))))))))))))))) -> 3 | FE3: =ES3 -> 5 | FF3: =ET3 -> -0.05 | FG3: =EU3 -> -0.02 | FH3: =EV3 -> 0 | FI3: =EW3 -> 0.005 | FJ3: =EX3 -> 0.01 | FK3: =EY3 -> 0.015 | FL3: =EZ3 -> 0.02 | FM3: =FA3 -> 0.03 | FN3: ='Quick Setup'!Q60 -> 0.8 | FO3: =if(FN3='Quick Setup'!$C$31,'Quick Setup'!$C32,if(FN3='Quick Setup'!$D$31,'Quick Setup'!$D32,if(FN3='Quick Setup'!$E$31,'Quick Setup'!$E32,if(FN3='Quick Setup'!$F$31,'Quick Setup'!$F32,if(FN3='Quick Setup'!$G$31,'Quick Setup'!$G32,if(FN3='Quick Setup'!$H$31,'Quick Setup'!$H32,if(FN3='Quick Setup'!$I$31,'Quick Setup'!$I32,if(FN3='Quick Setup'!$J$31,'Quick Setup'!$J32,if(FN3='Quick Setup'!$K$31,'Quick Setup'!$K32,if(FN3='Quick Setup'!$L$31,'Quick Setup'!$L32,if(FN3='Quick Setup'!$M$31,'Quick Setup'!$M32,if(FN3='Quick Setup'!$N$31,'Quick Setup'!$N32,if(FN3='Quick Setup'!$O$31,'Quick Setup'!$O32,if(FN3='Quick Setup'!$P$31,'Quick Setup'!$P32,if(FN3='Quick Setup'!$Q$31,'Quick Setup'!$Q32,if(FN3='Quick Setup'!$R$31,'Quick Setup'!$R32,if(FN3='Quick Setup'!$S$31,'Quick Setup'!$S32,if(FN3='Quick Setup'!$T$31,'Quick Setup'!$T32,if(FN3='Quick Setup'!$U$31,'Quick Setup'!$U32,if(FN3='Quick Setup'!$V$31,'Quick Setup'!$V32,'Quick Setup'!$W32)))))))))))))))))))) -> 3 | FP3: =if(FN3='Quick Setup'!$C$45,'Quick Setup'!$C46,if(FN3='Quick Setup'!$D$45,'Quick Setup'!$D46,if(FN3='Quick Setup'!$E$45,'Quick Setup'!$E46,if(FN3='Quick Setup'!$F$45,'Quick Setup'!$F46,if(FN3='Quick Setup'!$G$45,'Quick Setup'!$G46,if(FN3='Quick Setup'!$H$45,'Quick Setup'!$H46,if(FN3='Quick Setup'!$I$45,'Quick Setup'!$I46,if(FN3='Quick Setup'!$J$45,'Quick Setup'!$J46,if(FN3='Quick Setup'!$K$45,'Quick Setup'!$K46,if(FN3='Quick Setup'!$L$45,'Quick Setup'!$L46,if(FN3='Quick Setup'!$M$45,'Quick Setup'!$M46,if(FN3='Quick Setup'!$N$45,'Quick Setup'!$N46,if(FN3='Quick Setup'!$O$45,'Quick Setup'!$O46,if(FN3='Quick Setup'!$P$45,'Quick Setup'!$P46,if(FN3='Quick Setup'!$Q$45,'Quick Setup'!$Q46,if(FN3='Quick Setup'!$R$45,'Quick Setup'!$R46,if(FN3='Quick Setup'!$S$45,'Quick Setup'!$S46,if(FN3='Quick Setup'!$T$45,'Quick Setup'!$T46,if(FN3='Quick Setup'!$U$45,'Quick Setup'!$U46,if(FN3='Quick Setup'!$V$45,'Quick Setup'!$V46,'Quick Setup'!$W46)))))))))))))))))))) -> 2 | FQ3: =FE3 -> 5 | FR3: =FF3 -> -0.05 | FS3: =FG3 -> -0.02 | FT3: =FH3 -> 0 | FU3: =FI3 -> 0.005 | FV3: =FJ3 -> 0.01 | FW3: =FK3 -> 0.015 | FX3: =FL3 -> 0.02 | FY3: =FM3 -> 0.03 | FZ3: ='Quick Setup'!R60 -> 0.85 | GA3: =if(FZ3='Quick Setup'!$C$31,'Quick Setup'!$C32,if(FZ3='Quick Setup'!$D$31,'Quick Setup'!$D32,if(FZ3='Quick Setup'!$E$31,'Quick Setup'!$E32,if(FZ3='Quick Setup'!$F$31,'Quick Setup'!$F32,if(FZ3='Quick Setup'!$G$31,'Quick Setup'!$G32,if(FZ3='Quick Setup'!$H$31,'Quick Setup'!$H32,if(FZ3='Quick Setup'!$I$31,'Quick Setup'!$I32,if(FZ3='Quick Setup'!$J$31,'Quick Setup'!$J32,if(FZ3='Quick Setup'!$K$31,'Quick Setup'!$K32,if(FZ3='Quick Setup'!$L$31,'Quick Setup'!$L32,if(FZ3='Quick Setup'!$M$31,'Quick Setup'!$M32,if(FZ3='Quick Setup'!$N$31,'Quick Setup'!$N32,if(FZ3='Quick Setup'!$O$31,'Quick Setup'!$O32,if(FZ3='Quick Setup'!$P$31,'Quick Setup'!$P32,if(FZ3='Quick Setup'!$Q$31,'Quick Setup'!$Q32,if(FZ3='Quick Setup'!$R$31,'Quick Setup'!$R32,if(FZ3='Quick Setup'!$S$31,'Quick Setup'!$S32,if(FZ3='Quick Setup'!$T$31,'Quick Setup'!$T32,if(FZ3='Quick Setup'!$U$31,'Quick Setup'!$U32,if(FZ3='Quick Setup'!$V$31,'Quick Setup'!$V32,'Quick Setup'!$W32)))))))))))))))))))) -> 2 | GB3: =if(FZ3='Quick Setup'!$C$45,'Quick Setup'!$C46,if(FZ3='Quick Setup'!$D$45,'Quick Setup'!$D46,if(FZ3='Quick Setup'!$E$45,'Quick Setup'!$E46,if(FZ3='Quick Setup'!$F$45,'Quick Setup'!$F46,if(FZ3='Quick Setup'!$G$45,'Quick Setup'!$G46,if(FZ3='Quick Setup'!$H$45,'Quick Setup'!$H46,if(FZ3='Quick Setup'!$I$45,'Quick Setup'!$I46,if(FZ3='Quick Setup'!$J$45,'Quick Setup'!$J46,if(FZ3='Quick Setup'!$K$45,'Quick Setup'!$K46,if(FZ3='Quick Setup'!$L$45,'Quick Setup'!$L46,if(FZ3='Quick Setup'!$M$45,'Quick Setup'!$M46,if(FZ3='Quick Setup'!$N$45,'Quick Setup'!$N46,if(FZ3='Quick Setup'!$O$45,'Quick Setup'!$O46,if(FZ3='Quick Setup'!$P$45,'Quick Setup'!$P46,if(FZ3='Quick Setup'!$Q$45,'Quick Setup'!$Q46,if(FZ3='Quick Setup'!$R$45,'Quick Setup'!$R46,if(FZ3='Quick Setup'!$S$45,'Quick Setup'!$S46,if(FZ3='Quick Setup'!$T$45,'Quick Setup'!$T46,if(FZ3='Quick Setup'!$U$45,'Quick Setup'!$U46,if(FZ3='Quick Setup'!$V$45,'Quick Setup'!$V46,'Quick Setup'!$W46)))))))))))))))))))) -> 1 | GC3: =FQ3 -> 5 | GD3: =FR3 -> -0.05 | GE3: =FS3 -> -0.02 | GF3: =FT3 -> 0 | GG3: =FU3 -> 0.005 | GH3: =FV3 -> 0.01 | GI3: =FW3 -> 0.015 | GJ3: =FX3 -> 0.02 | GK3: =FY3 -> 0.03 | GL3: ='Quick Setup'!S60 -> 0.9 | GM3: =if(GL3='Quick Setup'!$C$31,'Quick Setup'!$C32,if(GL3='Quick Setup'!$D$31,'Quick Setup'!$D32,if(GL3='Quick Setup'!$E$31,'Quick Setup'!$E32,if(GL3='Quick Setup'!$F$31,'Quick Setup'!$F32,if(GL3='Quick Setup'!$G$31,'Quick Setup'!$G32,if(GL3='Quick Setup'!$H$31,'Quick Setup'!$H32,if(GL3='Quick Setup'!$I$31,'Quick Setup'!$I32,if(GL3='Quick Setup'!$J$31,'Quick Setup'!$J32,if(GL3='Quick Setup'!$K$31,'Quick Setup'!$K32,if(GL3='Quick Setup'!$L$31,'Quick Setup'!$L32,if(GL3='Quick Setup'!$M$31,'Quick Setup'!$M32,if(GL3='Quick Setup'!$N$31,'Quick Setup'!$N32,if(GL3='Quick Setup'!$O$31,'Quick Setup'!$O32,if(GL3='Quick Setup'!$P$31,'Quick Setup'!$P32,if(GL3='Quick Setup'!$Q$31,'Quick Setup'!$Q32,if(GL3='Quick Setup'!$R$31,'Quick Setup'!$R32,if(GL3='Quick Setup'!$S$31,'Quick Setup'!$S32,if(GL3='Quick Setup'!$T$31,'Quick Setup'!$T32,if(GL3='Quick Setup'!$U$31,'Quick Setup'!$U32,if(GL3='Quick Setup'!$V$31,'Quick Setup'!$V32,'Quick Setup'!$W32)))))))))))))))))))) -> 1 | GN3: =if(GL3='Quick Setup'!$C$45,'Quick Setup'!$C46,if(GL3='Quick Setup'!$D$45,'Quick Setup'!$D46,if(GL3='Quick Setup'!$E$45,'Quick Setup'!$E46,if(GL3='Quick Setup'!$F$45,'Quick Setup'!$F46,if(GL3='Quick Setup'!$G$45,'Quick Setup'!$G46,if(GL3='Quick Setup'!$H$45,'Quick Setup'!$H46,if(GL3='Quick Setup'!$I$45,'Quick Setup'!$I46,if(GL3='Quick Setup'!$J$45,'Quick Setup'!$J46,if(GL3='Quick Setup'!$K$45,'Quick Setup'!$K46,if(GL3='Quick Setup'!$L$45,'Quick Setup'!$L46,if(GL3='Quick Setup'!$M$45,'Quick Setup'!$M46,if(GL3='Quick Setup'!$N$45,'Quick Setup'!$N46,if(GL3='Quick Setup'!$O$45,'Quick Setup'!$O46,if(GL3='Quick Setup'!$P$45,'Quick Setup'!$P46,if(GL3='Quick Setup'!$Q$45,'Quick Setup'!$Q46,if(GL3='Quick Setup'!$R$45,'Quick Setup'!$R46,if(GL3='Quick Setup'!$S$45,'Quick Setup'!$S46,if(GL3='Quick Setup'!$T$45,'Quick Setup'!$T46,if(GL3='Quick Setup'!$U$45,'Quick Setup'!$U46,if(GL3='Quick Setup'!$V$45,'Quick Setup'!$V46,'Quick Setup'!$W46)))))))))))))))))))) -> 1 | GO3: =GC3 -> 5 | GP3: =GD3 -> -0.05 | GQ3: =GE3 -> -0.02 | GR3: =GF3 -> 0 | GS3: =GG3 -> 0.005 | GT3: =GH3 -> 0.01 | GU3: =GI3 -> 0.015 | GV3: =GJ3 -> 0.02 | GW3: =GK3 -> 0.03 | GX3: ='Quick Setup'!T60 -> 0.85 | GY3: =if(GX3='Quick Setup'!$C$31,'Quick Setup'!$C32,if(GX3='Quick Setup'!$D$31,'Quick Setup'!$D32,if(GX3='Quick Setup'!$E$31,'Quick Setup'!$E32,if(GX3='Quick Setup'!$F$31,'Quick Setup'!$F32,if(GX3='Quick Setup'!$G$31,'Quick Setup'!$G32,if(GX3='Quick Setup'!$H$31,'Quick Setup'!$H32,if(GX3='Quick Setup'!$I$31,'Quick Setup'!$I32,if(GX3='Quick Setup'!$J$31,'Quick Setup'!$J32,if(GX3='Quick Setup'!$K$31,'Quick Setup'!$K32,if(GX3='Quick Setup'!$L$31,'Quick Setup'!$L32,if(GX3='Quick Setup'!$M$31,'Quick Setup'!$M32,if(GX3='Quick Setup'!$N$31,'Quick Setup'!$N32,if(GX3='Quick Setup'!$O$31,'Quick Setup'!$O32,if(GX3='Quick Setup'!$P$31,'Quick Setup'!$P32,if(GX3='Quick Setup'!$Q$31,'Quick Setup'!$Q32,if(GX3='Quick Setup'!$R$31,'Quick Setup'!$R32,if(GX3='Quick Setup'!$S$31,'Quick Setup'!$S32,if(GX3='Quick Setup'!$T$31,'Quick Setup'!$T32,if(GX3='Quick Setup'!$U$31,'Quick Setup'!$U32,if(GX3='Quick Setup'!$V$31,'Quick Setup'!$V32,'Quick Setup'!$W32)))))))))))))))))))) -> 2 | GZ3: =if(GX3='Quick Setup'!$C$45,'Quick Setup'!$C46,if(GX3='Quick Setup'!$D$45,'Quick Setup'!$D46,if(GX3='Quick Setup'!$E$45,'Quick Setup'!$E46,if(GX3='Quick Setup'!$F$45,'Quick Setup'!$F46,if(GX3='Quick Setup'!$G$45,'Quick Setup'!$G46,if(GX3='Quick Setup'!$H$45,'Quick Setup'!$H46,if(GX3='Quick Setup'!$I$45,'Quick Setup'!$I46,if(GX3='Quick Setup'!$J$45,'Quick Setup'!$J46,if(GX3='Quick Setup'!$K$45,'Quick Setup'!$K46,if(GX3='Quick Setup'!$L$45,'Quick Setup'!$L46,if(GX3='Quick Setup'!$M$45,'Quick Setup'!$M46,if(GX3='Quick Setup'!$N$45,'Quick Setup'!$N46,if(GX3='Quick Setup'!$O$45,'Quick Setup'!$O46,if(GX3='Quick Setup'!$P$45,'Quick Setup'!$P46,if(GX3='Quick Setup'!$Q$45,'Quick Setup'!$Q46,if(GX3='Quick Setup'!$R$45,'Quick Setup'!$R46,if(GX3='Quick Setup'!$S$45,'Quick Setup'!$S46,if(GX3='Quick Setup'!$T$45,'Quick Setup'!$T46,if(GX3='Quick Setup'!$U$45,'Quick Setup'!$U46,if(GX3='Quick Setup'!$V$45,'Quick Setup'!$V46,'Quick Setup'!$W46)))))))))))))))))))) -> 1 | HA3: =GO3 -> 5 | HB3: =GP3 -> -0.05 | HC3: =GQ3 -> -0.02 | HD3: =GR3 -> 0 | HE3: =GS3 -> 0.005 | HF3: =GT3 -> 0.01 | HG3: =GU3 -> 0.015 | HH3: =GV3 -> 0.02 | HI3: =GW3 -> 0.03 | HJ3: ='Quick Setup'!U60 -> 0.9 | HK3: =if(HJ3='Quick Setup'!$C$31,'Quick Setup'!$C32,if(HJ3='Quick Setup'!$D$31,'Quick Setup'!$D32,if(HJ3='Quick Setup'!$E$31,'Quick Setup'!$E32,if(HJ3='Quick Setup'!$F$31,'Quick Setup'!$F32,if(HJ3='Quick Setup'!$G$31,'Quick Setup'!$G32,if(HJ3='Quick Setup'!$H$31,'Quick Setup'!$H32,if(HJ3='Quick Setup'!$I$31,'Quick Setup'!$I32,if(HJ3='Quick Setup'!$J$31,'Quick Setup'!$J32,if(HJ3='Quick Setup'!$K$31,'Quick Setup'!$K32,if(HJ3='Quick Setup'!$L$31,'Quick Setup'!$L32,if(HJ3='Quick Setup'!$M$31,'Quick Setup'!$M32,if(HJ3='Quick Setup'!$N$31,'Quick Setup'!$N32,if(HJ3='Quick Setup'!$O$31,'Quick Setup'!$O32,if(HJ3='Quick Setup'!$P$31,'Quick Setup'!$P32,if(HJ3='Quick Setup'!$Q$31,'Quick Setup'!$Q32,if(HJ3='Quick Setup'!$R$31,'Quick Setup'!$R32,if(HJ3='Quick Setup'!$S$31,'Quick Setup'!$S32,if(HJ3='Quick Setup'!$T$31,'Quick Setup'!$T32,if(HJ3='Quick Setup'!$U$31,'Quick Setup'!$U32,if(HJ3='Quick Setup'!$V$31,'Quick Setup'!$V32,'Quick Setup'!$W32)))))))))))))))))))) -> 1 | HL3: =if(HJ3='Quick Setup'!$C$45,'Quick Setup'!$C46,if(HJ3='Quick Setup'!$D$45,'Quick Setup'!$D46,if(HJ3='Quick Setup'!$E$45,'Quick Setup'!$E46,if(HJ3='Quick Setup'!$F$45,'Quick Setup'!$F46,if(HJ3='Quick Setup'!$G$45,'Quick Setup'!$G46,if(HJ3='Quick Setup'!$H$45,'Quick Setup'!$H46,if(HJ3='Quick Setup'!$I$45,'Quick Setup'!$I46,if(HJ3='Quick Setup'!$J$45,'Quick Setup'!$J46,if(HJ3='Quick Setup'!$K$45,'Quick Setup'!$K46,if(HJ3='Quick Setup'!$L$45,'Quick Setup'!$L46,if(HJ3='Quick Setup'!$M$45,'Quick Setup'!$M46,if(HJ3='Quick Setup'!$N$45,'Quick Setup'!$N46,if(HJ3='Quick Setup'!$O$45,'Quick Setup'!$O46,if(HJ3='Quick Setup'!$P$45,'Quick Setup'!$P46,if(HJ3='Quick Setup'!$Q$45,'Quick Setup'!$Q46,if(HJ3='Quick Setup'!$R$45,'Quick Setup'!$R46,if(HJ3='Quick Setup'!$S$45,'Quick Setup'!$S46,if(HJ3='Quick Setup'!$T$45,'Quick Setup'!$T46,if(HJ3='Quick Setup'!$U$45,'Quick Setup'!$U46,if(HJ3='Quick Setup'!$V$45,'Quick Setup'!$V46,'Quick Setup'!$W46)))))))))))))))))))) -> 1 | HM3: =HA3 -> 5 | HN3: =HB3 -> -0.05 | HO3: =HC3 -> -0.02 | HP3: =HD3 -> 0 | HQ3: =HE3 -> 0.005 | HR3: =HF3 -> 0.01 | HS3: =HG3 -> 0.015 | HT3: =HH3 -> 0.02 | HU3: =HI3 -> 0.03 | HV3: ='Quick Setup'!V60 -> 0.95 | HW3: =if(HV3='Quick Setup'!$C$31,'Quick Setup'!$C32,if(HV3='Quick Setup'!$D$31,'Quick Setup'!$D32,if(HV3='Quick Setup'!$E$31,'Quick Setup'!$E32,if(HV3='Quick Setup'!$F$31,'Quick Setup'!$F32,if(HV3='Quick Setup'!$G$31,'Quick Setup'!$G32,if(HV3='Quick Setup'!$H$31,'Quick Setup'!$H32,if(HV3='Quick Setup'!$I$31,'Quick Setup'!$I32,if(HV3='Quick Setup'!$J$31,'Quick Setup'!$J32,if(HV3='Quick Setup'!$K$31,'Quick Setup'!$K32,if(HV3='Quick Setup'!$L$31,'Quick Setup'!$L32,if(HV3='Quick Setup'!$M$31,'Quick Setup'!$M32,if(HV3='Quick Setup'!$N$31,'Quick Setup'!$N32,if(HV3='Quick Setup'!$O$31,'Quick Setup'!$O32,if(HV3='Quick Setup'!$P$31,'Quick Setup'!$P32,if(HV3='Quick Setup'!$Q$31,'Quick Setup'!$Q32,if(HV3='Quick Setup'!$R$31,'Quick Setup'!$R32,if(HV3='Quick Setup'!$S$31,'Quick Setup'!$S32,if(HV3='Quick Setup'!$T$31,'Quick Setup'!$T32,if(HV3='Quick Setup'!$U$31,'Quick Setup'!$U32,if(HV3='Quick Setup'!$V$31,'Quick Setup'!$V32,'Quick Setup'!$W32)))))))))))))))))))) -> 1 | HX3: =if(HV3='Quick Setup'!$C$45,'Quick Setup'!$C46,if(HV3='Quick Setup'!$D$45,'Quick Setup'!$D46,if(HV3='Quick Setup'!$E$45,'Quick Setup'!$E46,if(HV3='Quick Setup'!$F$45,'Quick Setup'!$F46,if(HV3='Quick Setup'!$G$45,'Quick Setup'!$G46,if(HV3='Quick Setup'!$H$45,'Quick Setup'!$H46,if(HV3='Quick Setup'!$I$45,'Quick Setup'!$I46,if(HV3='Quick Setup'!$J$45,'Quick Setup'!$J46,if(HV3='Quick Setup'!$K$45,'Quick Setup'!$K46,if(HV3='Quick Setup'!$L$45,'Quick Setup'!$L46,if(HV3='Quick Setup'!$M$45,'Quick Setup'!$M46,if(HV3='Quick Setup'!$N$45,'Quick Setup'!$N46,if(HV3='Quick Setup'!$O$45,'Quick Setup'!$O46,if(HV3='Quick Setup'!$P$45,'Quick Setup'!$P46,if(HV3='Quick Setup'!$Q$45,'Quick Setup'!$Q46,if(HV3='Quick Setup'!$R$45,'Quick Setup'!$R46,if(HV3='Quick Setup'!$S$45,'Quick Setup'!$S46,if(HV3='Quick Setup'!$T$45,'Quick Setup'!$T46,if(HV3='Quick Setup'!$U$45,'Quick Setup'!$U46,if(HV3='Quick Setup'!$V$45,'Quick Setup'!$V46,'Quick Setup'!$W46)))))))))))))))))))) -> 1 | HY3: =HM3 -> 5 | HZ3: =HN3 -> -0.05 | IA3: =HO3 -> -0.02 | IB3: =HP3 -> 0 | IC3: =HQ3 -> 0.005 | ID3: =HR3 -> 0.01 | IE3: =HS3 -> 0.015 | IF3: =HT3 -> 0.02 | IG3: =HU3 -> 0.03 | IH3: ='Quick Setup'!W60 -> 0.6 | II3: =if(IH3='Quick Setup'!$C$31,'Quick Setup'!$C32,if(IH3='Quick Setup'!$D$31,'Quick Setup'!$D32,if(IH3='Quick Setup'!$E$31,'Quick Setup'!$E32,if(IH3='Quick Setup'!$F$31,'Quick Setup'!$F32,if(IH3='Quick Setup'!$G$31,'Quick Setup'!$G32,if(IH3='Quick Setup'!$H$31,'Quick Setup'!$H32,if(IH3='Quick Setup'!$I$31,'Quick Setup'!$I32,if(IH3='Quick Setup'!$J$31,'Quick Setup'!$J32,if(IH3='Quick Setup'!$K$31,'Quick Setup'!$K32,if(IH3='Quick Setup'!$L$31,'Quick Setup'!$L32,if(IH3='Quick Setup'!$M$31,'Quick Setup'!$M32,if(IH3='Quick Setup'!$N$31,'Quick Setup'!$N32,if(IH3='Quick Setup'!$O$31,'Quick Setup'!$O32,if(IH3='Quick Setup'!$P$31,'Quick Setup'!$P32,if(IH3='Quick Setup'!$Q$31,'Quick Setup'!$Q32,if(IH3='Quick Setup'!$R$31,'Quick Setup'!$R32,if(IH3='Quick Setup'!$S$31,'Quick Setup'!$S32,if(IH3='Quick Setup'!$T$31,'Quick Setup'!$T32,if(IH3='Quick Setup'!$U$31,'Quick Setup'!$U32,if(IH3='Quick Setup'!$V$31,'Quick Setup'!$V32,'Quick Setup'!$W32)))))))))))))))))))) -> 7 | IJ3: =if(IH3='Quick Setup'!$C$45,'Quick Setup'!$C46,if(IH3='Quick Setup'!$D$45,'Quick Setup'!$D46,if(IH3='Quick Setup'!$E$45,'Quick Setup'!$E46,if(IH3='Quick Setup'!$F$45,'Quick Setup'!$F46,if(IH3='Quick Setup'!$G$45,'Quick Setup'!$G46,if(IH3='Quick Setup'!$H$45,'Quick Setup'!$H46,if(IH3='Quick Setup'!$I$45,'Quick Setup'!$I46,if(IH3='Quick Setup'!$J$45,'Quick Setup'!$J46,if(IH3='Quick Setup'!$K$45,'Quick Setup'!$K46,if(IH3='Quick Setup'!$L$45,'Quick Setup'!$L46,if(IH3='Quick Setup'!$M$45,'Quick Setup'!$M46,if(IH3='Quick Setup'!$N$45,'Quick Setup'!$N46,if(IH3='Quick Setup'!$O$45,'Quick Setup'!$O46,if(IH3='Quick Setup'!$P$45,'Quick Setup'!$P46,if(IH3='Quick Setup'!$Q$45,'Quick Setup'!$Q46,if(IH3='Quick Setup'!$R$45,'Quick Setup'!$R46,if(IH3='Quick Setup'!$S$45,'Quick Setup'!$S46,if(IH3='Quick Setup'!$T$45,'Quick Setup'!$T46,if(IH3='Quick Setup'!$U$45,'Quick Setup'!$U46,if(IH3='Quick Setup'!$V$45,'Quick Setup'!$V46,'Quick Setup'!$W46)))))))))))))))))))) -> 3 | IK3: =HY3 -> 5 | IL3: =HZ3 -> -0.05 | IM3: =IA3 -> -0.02 | IN3: =IB3 -> 0 | IO3: =IC3 -> 0.005 | IP3: =ID3 -> 0.01 | IQ3: =IE3 -> 0.015 | IR3: =IF3 -> 0.02 | IS3: =IG3 -> 0.03
A4: ='Quick Setup'!C6 -> Bench Press | B4: ='Quick Setup'!C61 -> 0.7 | C4: =if(B4='Quick Setup'!$C$31,'Quick Setup'!$C33,if(B4='Quick Setup'!$D$31,'Quick Setup'!$D33,if(B4='Quick Setup'!$E$31,'Quick Setup'!$E33,if(B4='Quick Setup'!$F$31,'Quick Setup'!$F33,if(B4='Quick Setup'!$G$31,'Quick Setup'!$G33,if(B4='Quick Setup'!$H$31,'Quick Setup'!$H33,if(B4='Quick Setup'!$I$31,'Quick Setup'!$I33,if(B4='Quick Setup'!$J$31,'Quick Setup'!$J33,if(B4='Quick Setup'!$K$31,'Quick Setup'!$K33,if(B4='Quick Setup'!$L$31,'Quick Setup'!$L33,if(B4='Quick Setup'!$M$31,'Quick Setup'!$M33,if(B4='Quick Setup'!$N$31,'Quick Setup'!$N33,if(B4='Quick Setup'!$O$31,'Quick Setup'!$O33,if(B4='Quick Setup'!$P$31,'Quick Setup'!$P33,if(B4='Quick Setup'!$Q$31,'Quick Setup'!$Q33,if(B4='Quick Setup'!$R$31,'Quick Setup'!$R33,if(B4='Quick Setup'!$S$31,'Quick Setup'!$S33,if(B4='Quick Setup'!$T$31,'Quick Setup'!$T33,if(B4='Quick Setup'!$U$31,'Quick Setup'!$U33,if(B4='Quick Setup'!$V$31,'Quick Setup'!$V33,'Quick Setup'!$W33)))))))))))))))))))) -> 5 | D4: =if(B4='Quick Setup'!$C$45,'Quick Setup'!$C47,if(B4='Quick Setup'!$D$45,'Quick Setup'!$D47,if(B4='Quick Setup'!$E$45,'Quick Setup'!$E47,if(B4='Quick Setup'!$F$45,'Quick Setup'!$F47,if(B4='Quick Setup'!$G$45,'Quick Setup'!$G47,if(B4='Quick Setup'!$H$45,'Quick Setup'!$H47,if(B4='Quick Setup'!$I$45,'Quick Setup'!$I47,if(B4='Quick Setup'!$J$45,'Quick Setup'!$J47,if(B4='Quick Setup'!$K$45,'Quick Setup'!$K47,if(B4='Quick Setup'!$L$45,'Quick Setup'!$L47,if(B4='Quick Setup'!$M$45,'Quick Setup'!$M47,if(B4='Quick Setup'!$N$45,'Quick Setup'!$N47,if(B4='Quick Setup'!$O$45,'Quick Setup'!$O47,if(B4='Quick Setup'!$P$45,'Quick Setup'!$P47,if(B4='Quick Setup'!$Q$45,'Quick Setup'!$Q47,if(B4='Quick Setup'!$R$45,'Quick Setup'!$R47,if(B4='Quick Setup'!$S$45,'Quick Setup'!$S47,if(B4='Quick Setup'!$T$45,'Quick Setup'!$T47,if(B4='Quick Setup'!$U$45,'Quick Setup'!$U47,if(B4='Quick Setup'!$V$45,'Quick Setup'!$V47,'Quick Setup'!$W47)))))))))))))))))))) -> 3 | E4: ='Quick Setup'!H7 -> 5 | F4: ='Quick Setup'!I7 -> -0.05 | G4: ='Quick Setup'!J7 -> -0.02 | H4: ='Quick Setup'!K7 -> 0 | I4: ='Quick Setup'!L7 -> 0.005 | J4: ='Quick Setup'!M7 -> 0.01 | K4: ='Quick Setup'!N7 -> 0.015 | L4: ='Quick Setup'!O7 -> 0.02 | M4: ='Quick Setup'!P7 -> 0.03 | N4: ='Quick Setup'!D61 -> 0.75 | O4: =if(N4='Quick Setup'!$C$31,'Quick Setup'!$C33,if(N4='Quick Setup'!$D$31,'Quick Setup'!$D33,if(N4='Quick Setup'!$E$31,'Quick Setup'!$E33,if(N4='Quick Setup'!$F$31,'Quick Setup'!$F33,if(N4='Quick Setup'!$G$31,'Quick Setup'!$G33,if(N4='Quick Setup'!$H$31,'Quick Setup'!$H33,if(N4='Quick Setup'!$I$31,'Quick Setup'!$I33,if(N4='Quick Setup'!$J$31,'Quick Setup'!$J33,if(N4='Quick Setup'!$K$31,'Quick Setup'!$K33,if(N4='Quick Setup'!$L$31,'Quick Setup'!$L33,if(N4='Quick Setup'!$M$31,'Quick Setup'!$M33,if(N4='Quick Setup'!$N$31,'Quick Setup'!$N33,if(N4='Quick Setup'!$O$31,'Quick Setup'!$O33,if(N4='Quick Setup'!$P$31,'Quick Setup'!$P33,if(N4='Quick Setup'!$Q$31,'Quick Setup'!$Q33,if(N4='Quick Setup'!$R$31,'Quick Setup'!$R33,if(N4='Quick Setup'!$S$31,'Quick Setup'!$S33,if(N4='Quick Setup'!$T$31,'Quick Setup'!$T33,if(N4='Quick Setup'!$U$31,'Quick Setup'!$U33,if(N4='Quick Setup'!$V$31,'Quick Setup'!$V33,'Quick Setup'!$W33)))))))))))))))))))) -> 4 | P4: =if(N4='Quick Setup'!$C$45,'Quick Setup'!$C47,if(N4='Quick Setup'!$D$45,'Quick Setup'!$D47,if(N4='Quick Setup'!$E$45,'Quick Setup'!$E47,if(N4='Quick Setup'!$F$45,'Quick Setup'!$F47,if(N4='Quick Setup'!$G$45,'Quick Setup'!$G47,if(N4='Quick Setup'!$H$45,'Quick Setup'!$H47,if(N4='Quick Setup'!$I$45,'Quick Setup'!$I47,if(N4='Quick Setup'!$J$45,'Quick Setup'!$J47,if(N4='Quick Setup'!$K$45,'Quick Setup'!$K47,if(N4='Quick Setup'!$L$45,'Quick Setup'!$L47,if(N4='Quick Setup'!$M$45,'Quick Setup'!$M47,if(N4='Quick Setup'!$N$45,'Quick Setup'!$N47,if(N4='Quick Setup'!$O$45,'Quick Setup'!$O47,if(N4='Quick Setup'!$P$45,'Quick Setup'!$P47,if(N4='Quick Setup'!$Q$45,'Quick Setup'!$Q47,if(N4='Quick Setup'!$R$45,'Quick Setup'!$R47,if(N4='Quick Setup'!$S$45,'Quick Setup'!$S47,if(N4='Quick Setup'!$T$45,'Quick Setup'!$T47,if(N4='Quick Setup'!$U$45,'Quick Setup'!$U47,if(N4='Quick Setup'!$V$45,'Quick Setup'!$V47,'Quick Setup'!$W47)))))))))))))))))))) -> 2 | Q4: =E4 -> 5 | R4: =F4 -> -0.05 | S4: =G4 -> -0.02 | T4: =H4 -> 0 | U4: =I4 -> 0.005 | V4: =J4 -> 0.01 | W4: =K4 -> 0.015 | X4: =L4 -> 0.02 | Y4: =M4 -> 0.03 | Z4: ='Quick Setup'!E61 -> 0.8 | AA4: =if(Z4='Quick Setup'!$C$31,'Quick Setup'!$C33,if(Z4='Quick Setup'!$D$31,'Quick Setup'!$D33,if(Z4='Quick Setup'!$E$31,'Quick Setup'!$E33,if(Z4='Quick Setup'!$F$31,'Quick Setup'!$F33,if(Z4='Quick Setup'!$G$31,'Quick Setup'!$G33,if(Z4='Quick Setup'!$H$31,'Quick Setup'!$H33,if(Z4='Quick Setup'!$I$31,'Quick Setup'!$I33,if(Z4='Quick Setup'!$J$31,'Quick Setup'!$J33,if(Z4='Quick Setup'!$K$31,'Quick Setup'!$K33,if(Z4='Quick Setup'!$L$31,'Quick Setup'!$L33,if(Z4='Quick Setup'!$M$31,'Quick Setup'!$M33,if(Z4='Quick Setup'!$N$31,'Quick Setup'!$N33,if(Z4='Quick Setup'!$O$31,'Quick Setup'!$O33,if(Z4='Quick Setup'!$P$31,'Quick Setup'!$P33,if(Z4='Quick Setup'!$Q$31,'Quick Setup'!$Q33,if(Z4='Quick Setup'!$R$31,'Quick Setup'!$R33,if(Z4='Quick Setup'!$S$31,'Quick Setup'!$S33,if(Z4='Quick Setup'!$T$31,'Quick Setup'!$T33,if(Z4='Quick Setup'!$U$31,'Quick Setup'!$U33,if(Z4='Quick Setup'!$V$31,'Quick Setup'!$V33,'Quick Setup'!$W33)))))))))))))))))))) -> 3 | AB4: =if(Z4='Quick Setup'!$C$45,'Quick Setup'!$C47,if(Z4='Quick Setup'!$D$45,'Quick Setup'!$D47,if(Z4='Quick Setup'!$E$45,'Quick Setup'!$E47,if(Z4='Quick Setup'!$F$45,'Quick Setup'!$F47,if(Z4='Quick Setup'!$G$45,'Quick Setup'!$G47,if(Z4='Quick Setup'!$H$45,'Quick Setup'!$H47,if(Z4='Quick Setup'!$I$45,'Quick Setup'!$I47,if(Z4='Quick Setup'!$J$45,'Quick Setup'!$J47,if(Z4='Quick Setup'!$K$45,'Quick Setup'!$K47,if(Z4='Quick Setup'!$L$45,'Quick Setup'!$L47,if(Z4='Quick Setup'!$M$45,'Quick Setup'!$M47,if(Z4='Quick Setup'!$N$45,'Quick Setup'!$N47,if(Z4='Quick Setup'!$O$45,'Quick Setup'!$O47,if(Z4='Quick Setup'!$P$45,'Quick Setup'!$P47,if(Z4='Quick Setup'!$Q$45,'Quick Setup'!$Q47,if(Z4='Quick Setup'!$R$45,'Quick Setup'!$R47,if(Z4='Quick Setup'!$S$45,'Quick Setup'!$S47,if(Z4='Quick Setup'!$T$45,'Quick Setup'!$T47,if(Z4='Quick Setup'!$U$45,'Quick Setup'!$U47,if(Z4='Quick Setup'!$V$45,'Quick Setup'!$V47,'Quick Setup'!$W47)))))))))))))))))))) -> 2 | AC4: =Q4 -> 5 | AD4: =R4 -> -0.05 | AE4: =S4 -> -0.02 | AF4: =T4 -> 0 | AG4: =U4 -> 0.005 | AH4: =V4 -> 0.01 | AI4: =W4 -> 0.015 | AJ4: =X4 -> 0.02 | AK4: =Y4 -> 0.03 | AL4: ='Quick Setup'!F61 -> 0.725 | AM4: =if(AL4='Quick Setup'!$C$31,'Quick Setup'!$C33,if(AL4='Quick Setup'!$D$31,'Quick Setup'!$D33,if(AL4='Quick Setup'!$E$31,'Quick Setup'!$E33,if(AL4='Quick Setup'!$F$31,'Quick Setup'!$F33,if(AL4='Quick Setup'!$G$31,'Quick Setup'!$G33,if(AL4='Quick Setup'!$H$31,'Quick Setup'!$H33,if(AL4='Quick Setup'!$I$31,'Quick Setup'!$I33,if(AL4='Quick Setup'!$J$31,'Quick Setup'!$J33,if(AL4='Quick Setup'!$K$31,'Quick Setup'!$K33,if(AL4='Quick Setup'!$L$31,'Quick Setup'!$L33,if(AL4='Quick Setup'!$M$31,'Quick Setup'!$M33,if(AL4='Quick Setup'!$N$31,'Quick Setup'!$N33,if(AL4='Quick Setup'!$O$31,'Quick Setup'!$O33,if(AL4='Quick Setup'!$P$31,'Quick Setup'!$P33,if(AL4='Quick Setup'!$Q$31,'Quick Setup'!$Q33,if(AL4='Quick Setup'!$R$31,'Quick Setup'!$R33,if(AL4='Quick Setup'!$S$31,'Quick Setup'!$S33,if(AL4='Quick Setup'!$T$31,'Quick Setup'!$T33,if(AL4='Quick Setup'!$U$31,'Quick Setup'!$U33,if(AL4='Quick Setup'!$V$31,'Quick Setup'!$V33,'Quick Setup'!$W33)))))))))))))))))))) -> 5 | AN4: =if(AL4='Quick Setup'!$C$45,'Quick Setup'!$C47,if(AL4='Quick Setup'!$D$45,'Quick Setup'!$D47,if(AL4='Quick Setup'!$E$45,'Quick Setup'!$E47,if(AL4='Quick Setup'!$F$45,'Quick Setup'!$F47,if(AL4='Quick Setup'!$G$45,'Quick Setup'!$G47,if(AL4='Quick Setup'!$H$45,'Quick Setup'!$H47,if(AL4='Quick Setup'!$I$45,'Quick Setup'!$I47,if(AL4='Quick Setup'!$J$45,'Quick Setup'!$J47,if(AL4='Quick Setup'!$K$45,'Quick Setup'!$K47,if(AL4='Quick Setup'!$L$45,'Quick Setup'!$L47,if(AL4='Quick Setup'!$M$45,'Quick Setup'!$M47,if(AL4='Quick Setup'!$N$45,'Quick Setup'!$N47,if(AL4='Quick Setup'!$O$45,'Quick Setup'!$O47,if(AL4='Quick Setup'!$P$45,'Quick Setup'!$P47,if(AL4='Quick Setup'!$Q$45,'Quick Setup'!$Q47,if(AL4='Quick Setup'!$R$45,'Quick Setup'!$R47,if(AL4='Quick Setup'!$S$45,'Quick Setup'!$S47,if(AL4='Quick Setup'!$T$45,'Quick Setup'!$T47,if(AL4='Quick Setup'!$U$45,'Quick Setup'!$U47,if(AL4='Quick Setup'!$V$45,'Quick Setup'!$V47,'Quick Setup'!$W47)))))))))))))))))))) -> 3 | AO4: =AC4 -> 5 | AP4: =AD4 -> -0.05 | AQ4: =AE4 -> -0.02 | AR4: =AF4 -> 0 | AS4: =AG4 -> 0.005 | AT4: =AH4 -> 0.01 | AU4: =AI4 -> 0.015 | AV4: =AJ4 -> 0.02 | AW4: =AK4 -> 0.03 | AX4: ='Quick Setup'!G61 -> 0.775 | AY4: =if(AX4='Quick Setup'!$C$31,'Quick Setup'!$C33,if(AX4='Quick Setup'!$D$31,'Quick Setup'!$D33,if(AX4='Quick Setup'!$E$31,'Quick Setup'!$E33,if(AX4='Quick Setup'!$F$31,'Quick Setup'!$F33,if(AX4='Quick Setup'!$G$31,'Quick Setup'!$G33,if(AX4='Quick Setup'!$H$31,'Quick Setup'!$H33,if(AX4='Quick Setup'!$I$31,'Quick Setup'!$I33,if(AX4='Quick Setup'!$J$31,'Quick Setup'!$J33,if(AX4='Quick Setup'!$K$31,'Quick Setup'!$K33,if(AX4='Quick Setup'!$L$31,'Quick Setup'!$L33,if(AX4='Quick Setup'!$M$31,'Quick Setup'!$M33,if(AX4='Quick Setup'!$N$31,'Quick Setup'!$N33,if(AX4='Quick Setup'!$O$31,'Quick Setup'!$O33,if(AX4='Quick Setup'!$P$31,'Quick Setup'!$P33,if(AX4='Quick Setup'!$Q$31,'Quick Setup'!$Q33,if(AX4='Quick Setup'!$R$31,'Quick Setup'!$R33,if(AX4='Quick Setup'!$S$31,'Quick Setup'!$S33,if(AX4='Quick Setup'!$T$31,'Quick Setup'!$T33,if(AX4='Quick Setup'!$U$31,'Quick Setup'!$U33,if(AX4='Quick Setup'!$V$31,'Quick Setup'!$V33,'Quick Setup'!$W33)))))))))))))))))))) -> 4 | AZ4: =if(AX4='Quick Setup'!$C$45,'Quick Setup'!$C47,if(AX4='Quick Setup'!$D$45,'Quick Setup'!$D47,if(AX4='Quick Setup'!$E$45,'Quick Setup'!$E47,if(AX4='Quick Setup'!$F$45,'Quick Setup'!$F47,if(AX4='Quick Setup'!$G$45,'Quick Setup'!$G47,if(AX4='Quick Setup'!$H$45,'Quick Setup'!$H47,if(AX4='Quick Setup'!$I$45,'Quick Setup'!$I47,if(AX4='Quick Setup'!$J$45,'Quick Setup'!$J47,if(AX4='Quick Setup'!$K$45,'Quick Setup'!$K47,if(AX4='Quick Setup'!$L$45,'Quick Setup'!$L47,if(AX4='Quick Setup'!$M$45,'Quick Setup'!$M47,if(AX4='Quick Setup'!$N$45,'Quick Setup'!$N47,if(AX4='Quick Setup'!$O$45,'Quick Setup'!$O47,if(AX4='Quick Setup'!$P$45,'Quick Setup'!$P47,if(AX4='Quick Setup'!$Q$45,'Quick Setup'!$Q47,if(AX4='Quick Setup'!$R$45,'Quick Setup'!$R47,if(AX4='Quick Setup'!$S$45,'Quick Setup'!$S47,if(AX4='Quick Setup'!$T$45,'Quick Setup'!$T47,if(AX4='Quick Setup'!$U$45,'Quick Setup'!$U47,if(AX4='Quick Setup'!$V$45,'Quick Setup'!$V47,'Quick Setup'!$W47)))))))))))))))))))) -> 2 | BA4: =AO4 -> 5 | BB4: =AP4 -> -0.05 | BC4: =AQ4 -> -0.02 | BD4: =AR4 -> 0 | BE4: =AS4 -> 0.005 | BF4: =AT4 -> 0.01 | BG4: =AU4 -> 0.015 | BH4: =AV4 -> 0.02 | BI4: =AW4 -> 0.03 | BJ4: ='Quick Setup'!H61 -> 0.825 | BK4: =if(BJ4='Quick Setup'!$C$31,'Quick Setup'!$C33,if(BJ4='Quick Setup'!$D$31,'Quick Setup'!$D33,if(BJ4='Quick Setup'!$E$31,'Quick Setup'!$E33,if(BJ4='Quick Setup'!$F$31,'Quick Setup'!$F33,if(BJ4='Quick Setup'!$G$31,'Quick Setup'!$G33,if(BJ4='Quick Setup'!$H$31,'Quick Setup'!$H33,if(BJ4='Quick Setup'!$I$31,'Quick Setup'!$I33,if(BJ4='Quick Setup'!$J$31,'Quick Setup'!$J33,if(BJ4='Quick Setup'!$K$31,'Quick Setup'!$K33,if(BJ4='Quick Setup'!$L$31,'Quick Setup'!$L33,if(BJ4='Quick Setup'!$M$31,'Quick Setup'!$M33,if(BJ4='Quick Setup'!$N$31,'Quick Setup'!$N33,if(BJ4='Quick Setup'!$O$31,'Quick Setup'!$O33,if(BJ4='Quick Setup'!$P$31,'Quick Setup'!$P33,if(BJ4='Quick Setup'!$Q$31,'Quick Setup'!$Q33,if(BJ4='Quick Setup'!$R$31,'Quick Setup'!$R33,if(BJ4='Quick Setup'!$S$31,'Quick Setup'!$S33,if(BJ4='Quick Setup'!$T$31,'Quick Setup'!$T33,if(BJ4='Quick Setup'!$U$31,'Quick Setup'!$U33,if(BJ4='Quick Setup'!$V$31,'Quick Setup'!$V33,'Quick Setup'!$W33)))))))))))))))))))) -> 3 | BL4: =if(BJ4='Quick Setup'!$C$45,'Quick Setup'!$C47,if(BJ4='Quick Setup'!$D$45,'Quick Setup'!$D47,if(BJ4='Quick Setup'!$E$45,'Quick Setup'!$E47,if(BJ4='Quick Setup'!$F$45,'Quick Setup'!$F47,if(BJ4='Quick Setup'!$G$45,'Quick Setup'!$G47,if(BJ4='Quick Setup'!$H$45,'Quick Setup'!$H47,if(BJ4='Quick Setup'!$I$45,'Quick Setup'!$I47,if(BJ4='Quick Setup'!$J$45,'Quick Setup'!$J47,if(BJ4='Quick Setup'!$K$45,'Quick Setup'!$K47,if(BJ4='Quick Setup'!$L$45,'Quick Setup'!$L47,if(BJ4='Quick Setup'!$M$45,'Quick Setup'!$M47,if(BJ4='Quick Setup'!$N$45,'Quick Setup'!$N47,if(BJ4='Quick Setup'!$O$45,'Quick Setup'!$O47,if(BJ4='Quick Setup'!$P$45,'Quick Setup'!$P47,if(BJ4='Quick Setup'!$Q$45,'Quick Setup'!$Q47,if(BJ4='Quick Setup'!$R$45,'Quick Setup'!$R47,if(BJ4='Quick Setup'!$S$45,'Quick Setup'!$S47,if(BJ4='Quick Setup'!$T$45,'Quick Setup'!$T47,if(BJ4='Quick Setup'!$U$45,'Quick Setup'!$U47,if(BJ4='Quick Setup'!$V$45,'Quick Setup'!$V47,'Quick Setup'!$W47)))))))))))))))))))) -> 2 | BM4: =BA4 -> 5 | BN4: =BB4 -> -0.05 | BO4: =BC4 -> -0.02 | BP4: =BD4 -> 0 | BQ4: =BE4 -> 0.005 | BR4: =BF4 -> 0.01 | BS4: =BG4 -> 0.015 | BT4: =BH4 -> 0.02 | BU4: =BI4 -> 0.03 | BV4: ='Quick Setup'!I61 -> 0.6 | BW4: =if(BV4='Quick Setup'!$C$31,'Quick Setup'!$C33,if(BV4='Quick Setup'!$D$31,'Quick Setup'!$D33,if(BV4='Quick Setup'!$E$31,'Quick Setup'!$E33,if(BV4='Quick Setup'!$F$31,'Quick Setup'!$F33,if(BV4='Quick Setup'!$G$31,'Quick Setup'!$G33,if(BV4='Quick Setup'!$H$31,'Quick Setup'!$H33,if(BV4='Quick Setup'!$I$31,'Quick Setup'!$I33,if(BV4='Quick Setup'!$J$31,'Quick Setup'!$J33,if(BV4='Quick Setup'!$K$31,'Quick Setup'!$K33,if(BV4='Quick Setup'!$L$31,'Quick Setup'!$L33,if(BV4='Quick Setup'!$M$31,'Quick Setup'!$M33,if(BV4='Quick Setup'!$N$31,'Quick Setup'!$N33,if(BV4='Quick Setup'!$O$31,'Quick Setup'!$O33,if(BV4='Quick Setup'!$P$31,'Quick Setup'!$P33,if(BV4='Quick Setup'!$Q$31,'Quick Setup'!$Q33,if(BV4='Quick Setup'!$R$31,'Quick Setup'!$R33,if(BV4='Quick Setup'!$S$31,'Quick Setup'!$S33,if(BV4='Quick Setup'!$T$31,'Quick Setup'!$T33,if(BV4='Quick Setup'!$U$31,'Quick Setup'!$U33,if(BV4='Quick Setup'!$V$31,'Quick Setup'!$V33,'Quick Setup'!$W33)))))))))))))))))))) -> 7 | BX4: =if(BV4='Quick Setup'!$C$45,'Quick Setup'!$C47,if(BV4='Quick Setup'!$D$45,'Quick Setup'!$D47,if(BV4='Quick Setup'!$E$45,'Quick Setup'!$E47,if(BV4='Quick Setup'!$F$45,'Quick Setup'!$F47,if(BV4='Quick Setup'!$G$45,'Quick Setup'!$G47,if(BV4='Quick Setup'!$H$45,'Quick Setup'!$H47,if(BV4='Quick Setup'!$I$45,'Quick Setup'!$I47,if(BV4='Quick Setup'!$J$45,'Quick Setup'!$J47,if(BV4='Quick Setup'!$K$45,'Quick Setup'!$K47,if(BV4='Quick Setup'!$L$45,'Quick Setup'!$L47,if(BV4='Quick Setup'!$M$45,'Quick Setup'!$M47,if(BV4='Quick Setup'!$N$45,'Quick Setup'!$N47,if(BV4='Quick Setup'!$O$45,'Quick Setup'!$O47,if(BV4='Quick Setup'!$P$45,'Quick Setup'!$P47,if(BV4='Quick Setup'!$Q$45,'Quick Setup'!$Q47,if(BV4='Quick Setup'!$R$45,'Quick Setup'!$R47,if(BV4='Quick Setup'!$S$45,'Quick Setup'!$S47,if(BV4='Quick Setup'!$T$45,'Quick Setup'!$T47,if(BV4='Quick Setup'!$U$45,'Quick Setup'!$U47,if(BV4='Quick Setup'!$V$45,'Quick Setup'!$V47,'Quick Setup'!$W47)))))))))))))))))))) -> 3 | BY4: =BM4 -> 5 | BZ4: =BN4 -> -0.05 | CA4: =BO4 -> -0.02 | CB4: =BP4 -> 0 | CC4: =BQ4 -> 0.005 | CD4: =BR4 -> 0.01 | CE4: =BS4 -> 0.015 | CF4: =BT4 -> 0.02 | CG4: =BU4 -> 0.03 | CH4: ='Quick Setup'!J61 -> 0.75 | CI4: =if(CH4='Quick Setup'!$C$31,'Quick Setup'!$C33,if(CH4='Quick Setup'!$D$31,'Quick Setup'!$D33,if(CH4='Quick Setup'!$E$31,'Quick Setup'!$E33,if(CH4='Quick Setup'!$F$31,'Quick Setup'!$F33,if(CH4='Quick Setup'!$G$31,'Quick Setup'!$G33,if(CH4='Quick Setup'!$H$31,'Quick Setup'!$H33,if(CH4='Quick Setup'!$I$31,'Quick Setup'!$I33,if(CH4='Quick Setup'!$J$31,'Quick Setup'!$J33,if(CH4='Quick Setup'!$K$31,'Quick Setup'!$K33,if(CH4='Quick Setup'!$L$31,'Quick Setup'!$L33,if(CH4='Quick Setup'!$M$31,'Quick Setup'!$M33,if(CH4='Quick Setup'!$N$31,'Quick Setup'!$N33,if(CH4='Quick Setup'!$O$31,'Quick Setup'!$O33,if(CH4='Quick Setup'!$P$31,'Quick Setup'!$P33,if(CH4='Quick Setup'!$Q$31,'Quick Setup'!$Q33,if(CH4='Quick Setup'!$R$31,'Quick Setup'!$R33,if(CH4='Quick Setup'!$S$31,'Quick Setup'!$S33,if(CH4='Quick Setup'!$T$31,'Quick Setup'!$T33,if(CH4='Quick Setup'!$U$31,'Quick Setup'!$U33,if(CH4='Quick Setup'!$V$31,'Quick Setup'!$V33,'Quick Setup'!$W33)))))))))))))))))))) -> 4 | CJ4: =if(CH4='Quick Setup'!$C$45,'Quick Setup'!$C47,if(CH4='Quick Setup'!$D$45,'Quick Setup'!$D47,if(CH4='Quick Setup'!$E$45,'Quick Setup'!$E47,if(CH4='Quick Setup'!$F$45,'Quick Setup'!$F47,if(CH4='Quick Setup'!$G$45,'Quick Setup'!$G47,if(CH4='Quick Setup'!$H$45,'Quick Setup'!$H47,if(CH4='Quick Setup'!$I$45,'Quick Setup'!$I47,if(CH4='Quick Setup'!$J$45,'Quick Setup'!$J47,if(CH4='Quick Setup'!$K$45,'Quick Setup'!$K47,if(CH4='Quick Setup'!$L$45,'Quick Setup'!$L47,if(CH4='Quick Setup'!$M$45,'Quick Setup'!$M47,if(CH4='Quick Setup'!$N$45,'Quick Setup'!$N47,if(CH4='Quick Setup'!$O$45,'Quick Setup'!$O47,if(CH4='Quick Setup'!$P$45,'Quick Setup'!$P47,if(CH4='Quick Setup'!$Q$45,'Quick Setup'!$Q47,if(CH4='Quick Setup'!$R$45,'Quick Setup'!$R47,if(CH4='Quick Setup'!$S$45,'Quick Setup'!$S47,if(CH4='Quick Setup'!$T$45,'Quick Setup'!$T47,if(CH4='Quick Setup'!$U$45,'Quick Setup'!$U47,if(CH4='Quick Setup'!$V$45,'Quick Setup'!$V47,'Quick Setup'!$W47)))))))))))))))))))) -> 2 | CK4: =BY4 -> 5 | CL4: =BZ4 -> -0.05 | CM4: =CA4 -> -0.02 | CN4: =CB4 -> 0 | CO4: =CC4 -> 0.005 | CP4: =CD4 -> 0.01 | CQ4: =CE4 -> 0.015 | CR4: =CF4 -> 0.02 | CS4: =CG4 -> 0.03 | CT4: ='Quick Setup'!K61 -> 0.8 | CU4: =if(CT4='Quick Setup'!$C$31,'Quick Setup'!$C33,if(CT4='Quick Setup'!$D$31,'Quick Setup'!$D33,if(CT4='Quick Setup'!$E$31,'Quick Setup'!$E33,if(CT4='Quick Setup'!$F$31,'Quick Setup'!$F33,if(CT4='Quick Setup'!$G$31,'Quick Setup'!$G33,if(CT4='Quick Setup'!$H$31,'Quick Setup'!$H33,if(CT4='Quick Setup'!$I$31,'Quick Setup'!$I33,if(CT4='Quick Setup'!$J$31,'Quick Setup'!$J33,if(CT4='Quick Setup'!$K$31,'Quick Setup'!$K33,if(CT4='Quick Setup'!$L$31,'Quick Setup'!$L33,if(CT4='Quick Setup'!$M$31,'Quick Setup'!$M33,if(CT4='Quick Setup'!$N$31,'Quick Setup'!$N33,if(CT4='Quick Setup'!$O$31,'Quick Setup'!$O33,if(CT4='Quick Setup'!$P$31,'Quick Setup'!$P33,if(CT4='Quick Setup'!$Q$31,'Quick Setup'!$Q33,if(CT4='Quick Setup'!$R$31,'Quick Setup'!$R33,if(CT4='Quick Setup'!$S$31,'Quick Setup'!$S33,if(CT4='Quick Setup'!$T$31,'Quick Setup'!$T33,if(CT4='Quick Setup'!$U$31,'Quick Setup'!$U33,if(CT4='Quick Setup'!$V$31,'Quick Setup'!$V33,'Quick Setup'!$W33)))))))))))))))))))) -> 3 | CV4: =if(CT4='Quick Setup'!$C$45,'Quick Setup'!$C47,if(CT4='Quick Setup'!$D$45,'Quick Setup'!$D47,if(CT4='Quick Setup'!$E$45,'Quick Setup'!$E47,if(CT4='Quick Setup'!$F$45,'Quick Setup'!$F47,if(CT4='Quick Setup'!$G$45,'Quick Setup'!$G47,if(CT4='Quick Setup'!$H$45,'Quick Setup'!$H47,if(CT4='Quick Setup'!$I$45,'Quick Setup'!$I47,if(CT4='Quick Setup'!$J$45,'Quick Setup'!$J47,if(CT4='Quick Setup'!$K$45,'Quick Setup'!$K47,if(CT4='Quick Setup'!$L$45,'Quick Setup'!$L47,if(CT4='Quick Setup'!$M$45,'Quick Setup'!$M47,if(CT4='Quick Setup'!$N$45,'Quick Setup'!$N47,if(CT4='Quick Setup'!$O$45,'Quick Setup'!$O47,if(CT4='Quick Setup'!$P$45,'Quick Setup'!$P47,if(CT4='Quick Setup'!$Q$45,'Quick Setup'!$Q47,if(CT4='Quick Setup'!$R$45,'Quick Setup'!$R47,if(CT4='Quick Setup'!$S$45,'Quick Setup'!$S47,if(CT4='Quick Setup'!$T$45,'Quick Setup'!$T47,if(CT4='Quick Setup'!$U$45,'Quick Setup'!$U47,if(CT4='Quick Setup'!$V$45,'Quick Setup'!$V47,'Quick Setup'!$W47)))))))))))))))))))) -> 2 | CW4: =CK4 -> 5 | CX4: =CL4 -> -0.05 | CY4: =CM4 -> -0.02 | CZ4: =CN4 -> 0 | DA4: =CO4 -> 0.005 | DB4: =CP4 -> 0.01 | DC4: =CQ4 -> 0.015 | DD4: =CR4 -> 0.02 | DE4: =CS4 -> 0.03 | DF4: ='Quick Setup'!L61 -> 0.85 | DG4: =if(DF4='Quick Setup'!$C$31,'Quick Setup'!$C33,if(DF4='Quick Setup'!$D$31,'Quick Setup'!$D33,if(DF4='Quick Setup'!$E$31,'Quick Setup'!$E33,if(DF4='Quick Setup'!$F$31,'Quick Setup'!$F33,if(DF4='Quick Setup'!$G$31,'Quick Setup'!$G33,if(DF4='Quick Setup'!$H$31,'Quick Setup'!$H33,if(DF4='Quick Setup'!$I$31,'Quick Setup'!$I33,if(DF4='Quick Setup'!$J$31,'Quick Setup'!$J33,if(DF4='Quick Setup'!$K$31,'Quick Setup'!$K33,if(DF4='Quick Setup'!$L$31,'Quick Setup'!$L33,if(DF4='Quick Setup'!$M$31,'Quick Setup'!$M33,if(DF4='Quick Setup'!$N$31,'Quick Setup'!$N33,if(DF4='Quick Setup'!$O$31,'Quick Setup'!$O33,if(DF4='Quick Setup'!$P$31,'Quick Setup'!$P33,if(DF4='Quick Setup'!$Q$31,'Quick Setup'!$Q33,if(DF4='Quick Setup'!$R$31,'Quick Setup'!$R33,if(DF4='Quick Setup'!$S$31,'Quick Setup'!$S33,if(DF4='Quick Setup'!$T$31,'Quick Setup'!$T33,if(DF4='Quick Setup'!$U$31,'Quick Setup'!$U33,if(DF4='Quick Setup'!$V$31,'Quick Setup'!$V33,'Quick Setup'!$W33)))))))))))))))))))) -> 2 | DH4: =if(DF4='Quick Setup'!$C$45,'Quick Setup'!$C47,if(DF4='Quick Setup'!$D$45,'Quick Setup'!$D47,if(DF4='Quick Setup'!$E$45,'Quick Setup'!$E47,if(DF4='Quick Setup'!$F$45,'Quick Setup'!$F47,if(DF4='Quick Setup'!$G$45,'Quick Setup'!$G47,if(DF4='Quick Setup'!$H$45,'Quick Setup'!$H47,if(DF4='Quick Setup'!$I$45,'Quick Setup'!$I47,if(DF4='Quick Setup'!$J$45,'Quick Setup'!$J47,if(DF4='Quick Setup'!$K$45,'Quick Setup'!$K47,if(DF4='Quick Setup'!$L$45,'Quick Setup'!$L47,if(DF4='Quick Setup'!$M$45,'Quick Setup'!$M47,if(DF4='Quick Setup'!$N$45,'Quick Setup'!$N47,if(DF4='Quick Setup'!$O$45,'Quick Setup'!$O47,if(DF4='Quick Setup'!$P$45,'Quick Setup'!$P47,if(DF4='Quick Setup'!$Q$45,'Quick Setup'!$Q47,if(DF4='Quick Setup'!$R$45,'Quick Setup'!$R47,if(DF4='Quick Setup'!$S$45,'Quick Setup'!$S47,if(DF4='Quick Setup'!$T$45,'Quick Setup'!$T47,if(DF4='Quick Setup'!$U$45,'Quick Setup'!$U47,if(DF4='Quick Setup'!$V$45,'Quick Setup'!$V47,'Quick Setup'!$W47)))))))))))))))))))) -> 1 | DI4: =CW4 -> 5 | DJ4: =CX4 -> -0.05 | DK4: =CY4 -> -0.02 | DL4: =CZ4 -> 0 | DM4: =DA4 -> 0.005 | DN4: =DB4 -> 0.01 | DO4: =DC4 -> 0.015 | DP4: =DD4 -> 0.02 | DQ4: =DE4 -> 0.03 | DR4: ='Quick Setup'!M61 -> 0.775 | DS4: =if(DR4='Quick Setup'!$C$31,'Quick Setup'!$C33,if(DR4='Quick Setup'!$D$31,'Quick Setup'!$D33,if(DR4='Quick Setup'!$E$31,'Quick Setup'!$E33,if(DR4='Quick Setup'!$F$31,'Quick Setup'!$F33,if(DR4='Quick Setup'!$G$31,'Quick Setup'!$G33,if(DR4='Quick Setup'!$H$31,'Quick Setup'!$H33,if(DR4='Quick Setup'!$I$31,'Quick Setup'!$I33,if(DR4='Quick Setup'!$J$31,'Quick Setup'!$J33,if(DR4='Quick Setup'!$K$31,'Quick Setup'!$K33,if(DR4='Quick Setup'!$L$31,'Quick Setup'!$L33,if(DR4='Quick Setup'!$M$31,'Quick Setup'!$M33,if(DR4='Quick Setup'!$N$31,'Quick Setup'!$N33,if(DR4='Quick Setup'!$O$31,'Quick Setup'!$O33,if(DR4='Quick Setup'!$P$31,'Quick Setup'!$P33,if(DR4='Quick Setup'!$Q$31,'Quick Setup'!$Q33,if(DR4='Quick Setup'!$R$31,'Quick Setup'!$R33,if(DR4='Quick Setup'!$S$31,'Quick Setup'!$S33,if(DR4='Quick Setup'!$T$31,'Quick Setup'!$T33,if(DR4='Quick Setup'!$U$31,'Quick Setup'!$U33,if(DR4='Quick Setup'!$V$31,'Quick Setup'!$V33,'Quick Setup'!$W33)))))))))))))))))))) -> 4 | DT4: =if(DR4='Quick Setup'!$C$45,'Quick Setup'!$C47,if(DR4='Quick Setup'!$D$45,'Quick Setup'!$D47,if(DR4='Quick Setup'!$E$45,'Quick Setup'!$E47,if(DR4='Quick Setup'!$F$45,'Quick Setup'!$F47,if(DR4='Quick Setup'!$G$45,'Quick Setup'!$G47,if(DR4='Quick Setup'!$H$45,'Quick Setup'!$H47,if(DR4='Quick Setup'!$I$45,'Quick Setup'!$I47,if(DR4='Quick Setup'!$J$45,'Quick Setup'!$J47,if(DR4='Quick Setup'!$K$45,'Quick Setup'!$K47,if(DR4='Quick Setup'!$L$45,'Quick Setup'!$L47,if(DR4='Quick Setup'!$M$45,'Quick Setup'!$M47,if(DR4='Quick Setup'!$N$45,'Quick Setup'!$N47,if(DR4='Quick Setup'!$O$45,'Quick Setup'!$O47,if(DR4='Quick Setup'!$P$45,'Quick Setup'!$P47,if(DR4='Quick Setup'!$Q$45,'Quick Setup'!$Q47,if(DR4='Quick Setup'!$R$45,'Quick Setup'!$R47,if(DR4='Quick Setup'!$S$45,'Quick Setup'!$S47,if(DR4='Quick Setup'!$T$45,'Quick Setup'!$T47,if(DR4='Quick Setup'!$U$45,'Quick Setup'!$U47,if(DR4='Quick Setup'!$V$45,'Quick Setup'!$V47,'Quick Setup'!$W47)))))))))))))))))))) -> 2 | DU4: =DI4 -> 5 | DV4: =DJ4 -> -0.05 | DW4: =DK4 -> -0.02 | DX4: =DL4 -> 0 | DY4: =DM4 -> 0.005 | DZ4: =DN4 -> 0.01 | EA4: =DO4 -> 0.015 | EB4: =DP4 -> 0.02 | EC4: =DQ4 -> 0.03 | ED4: ='Quick Setup'!N61 -> 0.825 | EE4: =if(ED4='Quick Setup'!$C$31,'Quick Setup'!$C33,if(ED4='Quick Setup'!$D$31,'Quick Setup'!$D33,if(ED4='Quick Setup'!$E$31,'Quick Setup'!$E33,if(ED4='Quick Setup'!$F$31,'Quick Setup'!$F33,if(ED4='Quick Setup'!$G$31,'Quick Setup'!$G33,if(ED4='Quick Setup'!$H$31,'Quick Setup'!$H33,if(ED4='Quick Setup'!$I$31,'Quick Setup'!$I33,if(ED4='Quick Setup'!$J$31,'Quick Setup'!$J33,if(ED4='Quick Setup'!$K$31,'Quick Setup'!$K33,if(ED4='Quick Setup'!$L$31,'Quick Setup'!$L33,if(ED4='Quick Setup'!$M$31,'Quick Setup'!$M33,if(ED4='Quick Setup'!$N$31,'Quick Setup'!$N33,if(ED4='Quick Setup'!$O$31,'Quick Setup'!$O33,if(ED4='Quick Setup'!$P$31,'Quick Setup'!$P33,if(ED4='Quick Setup'!$Q$31,'Quick Setup'!$Q33,if(ED4='Quick Setup'!$R$31,'Quick Setup'!$R33,if(ED4='Quick Setup'!$S$31,'Quick Setup'!$S33,if(ED4='Quick Setup'!$T$31,'Quick Setup'!$T33,if(ED4='Quick Setup'!$U$31,'Quick Setup'!$U33,if(ED4='Quick Setup'!$V$31,'Quick Setup'!$V33,'Quick Setup'!$W33)))))))))))))))))))) -> 3 | EF4: =if(ED4='Quick Setup'!$C$45,'Quick Setup'!$C47,if(ED4='Quick Setup'!$D$45,'Quick Setup'!$D47,if(ED4='Quick Setup'!$E$45,'Quick Setup'!$E47,if(ED4='Quick Setup'!$F$45,'Quick Setup'!$F47,if(ED4='Quick Setup'!$G$45,'Quick Setup'!$G47,if(ED4='Quick Setup'!$H$45,'Quick Setup'!$H47,if(ED4='Quick Setup'!$I$45,'Quick Setup'!$I47,if(ED4='Quick Setup'!$J$45,'Quick Setup'!$J47,if(ED4='Quick Setup'!$K$45,'Quick Setup'!$K47,if(ED4='Quick Setup'!$L$45,'Quick Setup'!$L47,if(ED4='Quick Setup'!$M$45,'Quick Setup'!$M47,if(ED4='Quick Setup'!$N$45,'Quick Setup'!$N47,if(ED4='Quick Setup'!$O$45,'Quick Setup'!$O47,if(ED4='Quick Setup'!$P$45,'Quick Setup'!$P47,if(ED4='Quick Setup'!$Q$45,'Quick Setup'!$Q47,if(ED4='Quick Setup'!$R$45,'Quick Setup'!$R47,if(ED4='Quick Setup'!$S$45,'Quick Setup'!$S47,if(ED4='Quick Setup'!$T$45,'Quick Setup'!$T47,if(ED4='Quick Setup'!$U$45,'Quick Setup'!$U47,if(ED4='Quick Setup'!$V$45,'Quick Setup'!$V47,'Quick Setup'!$W47)))))))))))))))))))) -> 2 | EG4: =DU4 -> 5 | EH4: =DV4 -> -0.05 | EI4: =DW4 -> -0.02 | EJ4: =DX4 -> 0 | EK4: =DY4 -> 0.005 | EL4: =DZ4 -> 0.01 | EM4: =EA4 -> 0.015 | EN4: =EB4 -> 0.02 | EO4: =EC4 -> 0.03 | EP4: ='Quick Setup'!O61 -> 0.875 | EQ4: =if(EP4='Quick Setup'!$C$31,'Quick Setup'!$C33,if(EP4='Quick Setup'!$D$31,'Quick Setup'!$D33,if(EP4='Quick Setup'!$E$31,'Quick Setup'!$E33,if(EP4='Quick Setup'!$F$31,'Quick Setup'!$F33,if(EP4='Quick Setup'!$G$31,'Quick Setup'!$G33,if(EP4='Quick Setup'!$H$31,'Quick Setup'!$H33,if(EP4='Quick Setup'!$I$31,'Quick Setup'!$I33,if(EP4='Quick Setup'!$J$31,'Quick Setup'!$J33,if(EP4='Quick Setup'!$K$31,'Quick Setup'!$K33,if(EP4='Quick Setup'!$L$31,'Quick Setup'!$L33,if(EP4='Quick Setup'!$M$31,'Quick Setup'!$M33,if(EP4='Quick Setup'!$N$31,'Quick Setup'!$N33,if(EP4='Quick Setup'!$O$31,'Quick Setup'!$O33,if(EP4='Quick Setup'!$P$31,'Quick Setup'!$P33,if(EP4='Quick Setup'!$Q$31,'Quick Setup'!$Q33,if(EP4='Quick Setup'!$R$31,'Quick Setup'!$R33,if(EP4='Quick Setup'!$S$31,'Quick Setup'!$S33,if(EP4='Quick Setup'!$T$31,'Quick Setup'!$T33,if(EP4='Quick Setup'!$U$31,'Quick Setup'!$U33,if(EP4='Quick Setup'!$V$31,'Quick Setup'!$V33,'Quick Setup'!$W33)))))))))))))))))))) -> 2 | ER4: =if(EP4='Quick Setup'!$C$45,'Quick Setup'!$C47,if(EP4='Quick Setup'!$D$45,'Quick Setup'!$D47,if(EP4='Quick Setup'!$E$45,'Quick Setup'!$E47,if(EP4='Quick Setup'!$F$45,'Quick Setup'!$F47,if(EP4='Quick Setup'!$G$45,'Quick Setup'!$G47,if(EP4='Quick Setup'!$H$45,'Quick Setup'!$H47,if(EP4='Quick Setup'!$I$45,'Quick Setup'!$I47,if(EP4='Quick Setup'!$J$45,'Quick Setup'!$J47,if(EP4='Quick Setup'!$K$45,'Quick Setup'!$K47,if(EP4='Quick Setup'!$L$45,'Quick Setup'!$L47,if(EP4='Quick Setup'!$M$45,'Quick Setup'!$M47,if(EP4='Quick Setup'!$N$45,'Quick Setup'!$N47,if(EP4='Quick Setup'!$O$45,'Quick Setup'!$O47,if(EP4='Quick Setup'!$P$45,'Quick Setup'!$P47,if(EP4='Quick Setup'!$Q$45,'Quick Setup'!$Q47,if(EP4='Quick Setup'!$R$45,'Quick Setup'!$R47,if(EP4='Quick Setup'!$S$45,'Quick Setup'!$S47,if(EP4='Quick Setup'!$T$45,'Quick Setup'!$T47,if(EP4='Quick Setup'!$U$45,'Quick Setup'!$U47,if(EP4='Quick Setup'!$V$45,'Quick Setup'!$V47,'Quick Setup'!$W47)))))))))))))))))))) -> 1 | ES4: =EG4 -> 5 | ET4: =EH4 -> -0.05 | EU4: =EI4 -> -0.02 | EV4: =EJ4 -> 0 | EW4: =EK4 -> 0.005 | EX4: =EL4 -> 0.01 | EY4: =EM4 -> 0.015 | EZ4: =EN4 -> 0.02 | FA4: =EO4 -> 0.03 | FB4: ='Quick Setup'!P61 -> 0.6 | FC4: =if(FB4='Quick Setup'!$C$31,'Quick Setup'!$C33,if(FB4='Quick Setup'!$D$31,'Quick Setup'!$D33,if(FB4='Quick Setup'!$E$31,'Quick Setup'!$E33,if(FB4='Quick Setup'!$F$31,'Quick Setup'!$F33,if(FB4='Quick Setup'!$G$31,'Quick Setup'!$G33,if(FB4='Quick Setup'!$H$31,'Quick Setup'!$H33,if(FB4='Quick Setup'!$I$31,'Quick Setup'!$I33,if(FB4='Quick Setup'!$J$31,'Quick Setup'!$J33,if(FB4='Quick Setup'!$K$31,'Quick Setup'!$K33,if(FB4='Quick Setup'!$L$31,'Quick Setup'!$L33,if(FB4='Quick Setup'!$M$31,'Quick Setup'!$M33,if(FB4='Quick Setup'!$N$31,'Quick Setup'!$N33,if(FB4='Quick Setup'!$O$31,'Quick Setup'!$O33,if(FB4='Quick Setup'!$P$31,'Quick Setup'!$P33,if(FB4='Quick Setup'!$Q$31,'Quick Setup'!$Q33,if(FB4='Quick Setup'!$R$31,'Quick Setup'!$R33,if(FB4='Quick Setup'!$S$31,'Quick Setup'!$S33,if(FB4='Quick Setup'!$T$31,'Quick Setup'!$T33,if(FB4='Quick Setup'!$U$31,'Quick Setup'!$U33,if(FB4='Quick Setup'!$V$31,'Quick Setup'!$V33,'Quick Setup'!$W33)))))))))))))))))))) -> 7 | FD4: =if(FB4='Quick Setup'!$C$45,'Quick Setup'!$C47,if(FB4='Quick Setup'!$D$45,'Quick Setup'!$D47,if(FB4='Quick Setup'!$E$45,'Quick Setup'!$E47,if(FB4='Quick Setup'!$F$45,'Quick Setup'!$F47,if(FB4='Quick Setup'!$G$45,'Quick Setup'!$G47,if(FB4='Quick Setup'!$H$45,'Quick Setup'!$H47,if(FB4='Quick Setup'!$I$45,'Quick Setup'!$I47,if(FB4='Quick Setup'!$J$45,'Quick Setup'!$J47,if(FB4='Quick Setup'!$K$45,'Quick Setup'!$K47,if(FB4='Quick Setup'!$L$45,'Quick Setup'!$L47,if(FB4='Quick Setup'!$M$45,'Quick Setup'!$M47,if(FB4='Quick Setup'!$N$45,'Quick Setup'!$N47,if(FB4='Quick Setup'!$O$45,'Quick Setup'!$O47,if(FB4='Quick Setup'!$P$45,'Quick Setup'!$P47,if(FB4='Quick Setup'!$Q$45,'Quick Setup'!$Q47,if(FB4='Quick Setup'!$R$45,'Quick Setup'!$R47,if(FB4='Quick Setup'!$S$45,'Quick Setup'!$S47,if(FB4='Quick Setup'!$T$45,'Quick Setup'!$T47,if(FB4='Quick Setup'!$U$45,'Quick Setup'!$U47,if(FB4='Quick Setup'!$V$45,'Quick Setup'!$V47,'Quick Setup'!$W47)))))))))))))))))))) -> 3 | FE4: =ES4 -> 5 | FF4: =ET4 -> -0.05 | FG4: =EU4 -> -0.02 | FH4: =EV4 -> 0 | FI4: =EW4 -> 0.005 | FJ4: =EX4 -> 0.01 | FK4: =EY4 -> 0.015 | FL4: =EZ4 -> 0.02 | FM4: =FA4 -> 0.03 | FN4: ='Quick Setup'!Q61 -> 0.8 | FO4: =if(FN4='Quick Setup'!$C$31,'Quick Setup'!$C33,if(FN4='Quick Setup'!$D$31,'Quick Setup'!$D33,if(FN4='Quick Setup'!$E$31,'Quick Setup'!$E33,if(FN4='Quick Setup'!$F$31,'Quick Setup'!$F33,if(FN4='Quick Setup'!$G$31,'Quick Setup'!$G33,if(FN4='Quick Setup'!$H$31,'Quick Setup'!$H33,if(FN4='Quick Setup'!$I$31,'Quick Setup'!$I33,if(FN4='Quick Setup'!$J$31,'Quick Setup'!$J33,if(FN4='Quick Setup'!$K$31,'Quick Setup'!$K33,if(FN4='Quick Setup'!$L$31,'Quick Setup'!$L33,if(FN4='Quick Setup'!$M$31,'Quick Setup'!$M33,if(FN4='Quick Setup'!$N$31,'Quick Setup'!$N33,if(FN4='Quick Setup'!$O$31,'Quick Setup'!$O33,if(FN4='Quick Setup'!$P$31,'Quick Setup'!$P33,if(FN4='Quick Setup'!$Q$31,'Quick Setup'!$Q33,if(FN4='Quick Setup'!$R$31,'Quick Setup'!$R33,if(FN4='Quick Setup'!$S$31,'Quick Setup'!$S33,if(FN4='Quick Setup'!$T$31,'Quick Setup'!$T33,if(FN4='Quick Setup'!$U$31,'Quick Setup'!$U33,if(FN4='Quick Setup'!$V$31,'Quick Setup'!$V33,'Quick Setup'!$W33)))))))))))))))))))) -> 3 | FP4: =if(FN4='Quick Setup'!$C$45,'Quick Setup'!$C47,if(FN4='Quick Setup'!$D$45,'Quick Setup'!$D47,if(FN4='Quick Setup'!$E$45,'Quick Setup'!$E47,if(FN4='Quick Setup'!$F$45,'Quick Setup'!$F47,if(FN4='Quick Setup'!$G$45,'Quick Setup'!$G47,if(FN4='Quick Setup'!$H$45,'Quick Setup'!$H47,if(FN4='Quick Setup'!$I$45,'Quick Setup'!$I47,if(FN4='Quick Setup'!$J$45,'Quick Setup'!$J47,if(FN4='Quick Setup'!$K$45,'Quick Setup'!$K47,if(FN4='Quick Setup'!$L$45,'Quick Setup'!$L47,if(FN4='Quick Setup'!$M$45,'Quick Setup'!$M47,if(FN4='Quick Setup'!$N$45,'Quick Setup'!$N47,if(FN4='Quick Setup'!$O$45,'Quick Setup'!$O47,if(FN4='Quick Setup'!$P$45,'Quick Setup'!$P47,if(FN4='Quick Setup'!$Q$45,'Quick Setup'!$Q47,if(FN4='Quick Setup'!$R$45,'Quick Setup'!$R47,if(FN4='Quick Setup'!$S$45,'Quick Setup'!$S47,if(FN4='Quick Setup'!$T$45,'Quick Setup'!$T47,if(FN4='Quick Setup'!$U$45,'Quick Setup'!$U47,if(FN4='Quick Setup'!$V$45,'Quick Setup'!$V47,'Quick Setup'!$W47)))))))))))))))))))) -> 2 | FQ4: =FE4 -> 5 | FR4: =FF4 -> -0.05 | FS4: =FG4 -> -0.02 | FT4: =FH4 -> 0 | FU4: =FI4 -> 0.005 | FV4: =FJ4 -> 0.01 | FW4: =FK4 -> 0.015 | FX4: =FL4 -> 0.02 | FY4: =FM4 -> 0.03 | FZ4: ='Quick Setup'!R61 -> 0.85 | GA4: =if(FZ4='Quick Setup'!$C$31,'Quick Setup'!$C33,if(FZ4='Quick Setup'!$D$31,'Quick Setup'!$D33,if(FZ4='Quick Setup'!$E$31,'Quick Setup'!$E33,if(FZ4='Quick Setup'!$F$31,'Quick Setup'!$F33,if(FZ4='Quick Setup'!$G$31,'Quick Setup'!$G33,if(FZ4='Quick Setup'!$H$31,'Quick Setup'!$H33,if(FZ4='Quick Setup'!$I$31,'Quick Setup'!$I33,if(FZ4='Quick Setup'!$J$31,'Quick Setup'!$J33,if(FZ4='Quick Setup'!$K$31,'Quick Setup'!$K33,if(FZ4='Quick Setup'!$L$31,'Quick Setup'!$L33,if(FZ4='Quick Setup'!$M$31,'Quick Setup'!$M33,if(FZ4='Quick Setup'!$N$31,'Quick Setup'!$N33,if(FZ4='Quick Setup'!$O$31,'Quick Setup'!$O33,if(FZ4='Quick Setup'!$P$31,'Quick Setup'!$P33,if(FZ4='Quick Setup'!$Q$31,'Quick Setup'!$Q33,if(FZ4='Quick Setup'!$R$31,'Quick Setup'!$R33,if(FZ4='Quick Setup'!$S$31,'Quick Setup'!$S33,if(FZ4='Quick Setup'!$T$31,'Quick Setup'!$T33,if(FZ4='Quick Setup'!$U$31,'Quick Setup'!$U33,if(FZ4='Quick Setup'!$V$31,'Quick Setup'!$V33,'Quick Setup'!$W33)))))))))))))))))))) -> 2 | GB4: =if(FZ4='Quick Setup'!$C$45,'Quick Setup'!$C47,if(FZ4='Quick Setup'!$D$45,'Quick Setup'!$D47,if(FZ4='Quick Setup'!$E$45,'Quick Setup'!$E47,if(FZ4='Quick Setup'!$F$45,'Quick Setup'!$F47,if(FZ4='Quick Setup'!$G$45,'Quick Setup'!$G47,if(FZ4='Quick Setup'!$H$45,'Quick Setup'!$H47,if(FZ4='Quick Setup'!$I$45,'Quick Setup'!$I47,if(FZ4='Quick Setup'!$J$45,'Quick Setup'!$J47,if(FZ4='Quick Setup'!$K$45,'Quick Setup'!$K47,if(FZ4='Quick Setup'!$L$45,'Quick Setup'!$L47,if(FZ4='Quick Setup'!$M$45,'Quick Setup'!$M47,if(FZ4='Quick Setup'!$N$45,'Quick Setup'!$N47,if(FZ4='Quick Setup'!$O$45,'Quick Setup'!$O47,if(FZ4='Quick Setup'!$P$45,'Quick Setup'!$P47,if(FZ4='Quick Setup'!$Q$45,'Quick Setup'!$Q47,if(FZ4='Quick Setup'!$R$45,'Quick Setup'!$R47,if(FZ4='Quick Setup'!$S$45,'Quick Setup'!$S47,if(FZ4='Quick Setup'!$T$45,'Quick Setup'!$T47,if(FZ4='Quick Setup'!$U$45,'Quick Setup'!$U47,if(FZ4='Quick Setup'!$V$45,'Quick Setup'!$V47,'Quick Setup'!$W47)))))))))))))))))))) -> 1 | GC4: =FQ4 -> 5 | GD4: =FR4 -> -0.05 | GE4: =FS4 -> -0.02 | GF4: =FT4 -> 0 | GG4: =FU4 -> 0.005 | GH4: =FV4 -> 0.01 | GI4: =FW4 -> 0.015 | GJ4: =FX4 -> 0.02 | GK4: =FY4 -> 0.03 | GL4: ='Quick Setup'!S61 -> 0.9 | GM4: =if(GL4='Quick Setup'!$C$31,'Quick Setup'!$C33,if(GL4='Quick Setup'!$D$31,'Quick Setup'!$D33,if(GL4='Quick Setup'!$E$31,'Quick Setup'!$E33,if(GL4='Quick Setup'!$F$31,'Quick Setup'!$F33,if(GL4='Quick Setup'!$G$31,'Quick Setup'!$G33,if(GL4='Quick Setup'!$H$31,'Quick Setup'!$H33,if(GL4='Quick Setup'!$I$31,'Quick Setup'!$I33,if(GL4='Quick Setup'!$J$31,'Quick Setup'!$J33,if(GL4='Quick Setup'!$K$31,'Quick Setup'!$K33,if(GL4='Quick Setup'!$L$31,'Quick Setup'!$L33,if(GL4='Quick Setup'!$M$31,'Quick Setup'!$M33,if(GL4='Quick Setup'!$N$31,'Quick Setup'!$N33,if(GL4='Quick Setup'!$O$31,'Quick Setup'!$O33,if(GL4='Quick Setup'!$P$31,'Quick Setup'!$P33,if(GL4='Quick Setup'!$Q$31,'Quick Setup'!$Q33,if(GL4='Quick Setup'!$R$31,'Quick Setup'!$R33,if(GL4='Quick Setup'!$S$31,'Quick Setup'!$S33,if(GL4='Quick Setup'!$T$31,'Quick Setup'!$T33,if(GL4='Quick Setup'!$U$31,'Quick Setup'!$U33,if(GL4='Quick Setup'!$V$31,'Quick Setup'!$V33,'Quick Setup'!$W33)))))))))))))))))))) -> 1 | GN4: =if(GL4='Quick Setup'!$C$45,'Quick Setup'!$C47,if(GL4='Quick Setup'!$D$45,'Quick Setup'!$D47,if(GL4='Quick Setup'!$E$45,'Quick Setup'!$E47,if(GL4='Quick Setup'!$F$45,'Quick Setup'!$F47,if(GL4='Quick Setup'!$G$45,'Quick Setup'!$G47,if(GL4='Quick Setup'!$H$45,'Quick Setup'!$H47,if(GL4='Quick Setup'!$I$45,'Quick Setup'!$I47,if(GL4='Quick Setup'!$J$45,'Quick Setup'!$J47,if(GL4='Quick Setup'!$K$45,'Quick Setup'!$K47,if(GL4='Quick Setup'!$L$45,'Quick Setup'!$L47,if(GL4='Quick Setup'!$M$45,'Quick Setup'!$M47,if(GL4='Quick Setup'!$N$45,'Quick Setup'!$N47,if(GL4='Quick Setup'!$O$45,'Quick Setup'!$O47,if(GL4='Quick Setup'!$P$45,'Quick Setup'!$P47,if(GL4='Quick Setup'!$Q$45,'Quick Setup'!$Q47,if(GL4='Quick Setup'!$R$45,'Quick Setup'!$R47,if(GL4='Quick Setup'!$S$45,'Quick Setup'!$S47,if(GL4='Quick Setup'!$T$45,'Quick Setup'!$T47,if(GL4='Quick Setup'!$U$45,'Quick Setup'!$U47,if(GL4='Quick Setup'!$V$45,'Quick Setup'!$V47,'Quick Setup'!$W47)))))))))))))))))))) -> 1 | GO4: =GC4 -> 5 | GP4: =GD4 -> -0.05 | GQ4: =GE4 -> -0.02 | GR4: =GF4 -> 0 | GS4: =GG4 -> 0.005 | GT4: =GH4 -> 0.01 | GU4: =GI4 -> 0.015 | GV4: =GJ4 -> 0.02 | GW4: =GK4 -> 0.03 | GX4: ='Quick Setup'!T61 -> 0.85 | GY4: =if(GX4='Quick Setup'!$C$31,'Quick Setup'!$C33,if(GX4='Quick Setup'!$D$31,'Quick Setup'!$D33,if(GX4='Quick Setup'!$E$31,'Quick Setup'!$E33,if(GX4='Quick Setup'!$F$31,'Quick Setup'!$F33,if(GX4='Quick Setup'!$G$31,'Quick Setup'!$G33,if(GX4='Quick Setup'!$H$31,'Quick Setup'!$H33,if(GX4='Quick Setup'!$I$31,'Quick Setup'!$I33,if(GX4='Quick Setup'!$J$31,'Quick Setup'!$J33,if(GX4='Quick Setup'!$K$31,'Quick Setup'!$K33,if(GX4='Quick Setup'!$L$31,'Quick Setup'!$L33,if(GX4='Quick Setup'!$M$31,'Quick Setup'!$M33,if(GX4='Quick Setup'!$N$31,'Quick Setup'!$N33,if(GX4='Quick Setup'!$O$31,'Quick Setup'!$O33,if(GX4='Quick Setup'!$P$31,'Quick Setup'!$P33,if(GX4='Quick Setup'!$Q$31,'Quick Setup'!$Q33,if(GX4='Quick Setup'!$R$31,'Quick Setup'!$R33,if(GX4='Quick Setup'!$S$31,'Quick Setup'!$S33,if(GX4='Quick Setup'!$T$31,'Quick Setup'!$T33,if(GX4='Quick Setup'!$U$31,'Quick Setup'!$U33,if(GX4='Quick Setup'!$V$31,'Quick Setup'!$V33,'Quick Setup'!$W33)))))))))))))))))))) -> 2 | GZ4: =if(GX4='Quick Setup'!$C$45,'Quick Setup'!$C47,if(GX4='Quick Setup'!$D$45,'Quick Setup'!$D47,if(GX4='Quick Setup'!$E$45,'Quick Setup'!$E47,if(GX4='Quick Setup'!$F$45,'Quick Setup'!$F47,if(GX4='Quick Setup'!$G$45,'Quick Setup'!$G47,if(GX4='Quick Setup'!$H$45,'Quick Setup'!$H47,if(GX4='Quick Setup'!$I$45,'Quick Setup'!$I47,if(GX4='Quick Setup'!$J$45,'Quick Setup'!$J47,if(GX4='Quick Setup'!$K$45,'Quick Setup'!$K47,if(GX4='Quick Setup'!$L$45,'Quick Setup'!$L47,if(GX4='Quick Setup'!$M$45,'Quick Setup'!$M47,if(GX4='Quick Setup'!$N$45,'Quick Setup'!$N47,if(GX4='Quick Setup'!$O$45,'Quick Setup'!$O47,if(GX4='Quick Setup'!$P$45,'Quick Setup'!$P47,if(GX4='Quick Setup'!$Q$45,'Quick Setup'!$Q47,if(GX4='Quick Setup'!$R$45,'Quick Setup'!$R47,if(GX4='Quick Setup'!$S$45,'Quick Setup'!$S47,if(GX4='Quick Setup'!$T$45,'Quick Setup'!$T47,if(GX4='Quick Setup'!$U$45,'Quick Setup'!$U47,if(GX4='Quick Setup'!$V$45,'Quick Setup'!$V47,'Quick Setup'!$W47)))))))))))))))))))) -> 1 | HA4: =GO4 -> 5 | HB4: =GP4 -> -0.05 | HC4: =GQ4 -> -0.02 | HD4: =GR4 -> 0 | HE4: =GS4 -> 0.005 | HF4: =GT4 -> 0.01 | HG4: =GU4 -> 0.015 | HH4: =GV4 -> 0.02 | HI4: =GW4 -> 0.03 | HJ4: ='Quick Setup'!U61 -> 0.9 | HK4: =if(HJ4='Quick Setup'!$C$31,'Quick Setup'!$C33,if(HJ4='Quick Setup'!$D$31,'Quick Setup'!$D33,if(HJ4='Quick Setup'!$E$31,'Quick Setup'!$E33,if(HJ4='Quick Setup'!$F$31,'Quick Setup'!$F33,if(HJ4='Quick Setup'!$G$31,'Quick Setup'!$G33,if(HJ4='Quick Setup'!$H$31,'Quick Setup'!$H33,if(HJ4='Quick Setup'!$I$31,'Quick Setup'!$I33,if(HJ4='Quick Setup'!$J$31,'Quick Setup'!$J33,if(HJ4='Quick Setup'!$K$31,'Quick Setup'!$K33,if(HJ4='Quick Setup'!$L$31,'Quick Setup'!$L33,if(HJ4='Quick Setup'!$M$31,'Quick Setup'!$M33,if(HJ4='Quick Setup'!$N$31,'Quick Setup'!$N33,if(HJ4='Quick Setup'!$O$31,'Quick Setup'!$O33,if(HJ4='Quick Setup'!$P$31,'Quick Setup'!$P33,if(HJ4='Quick Setup'!$Q$31,'Quick Setup'!$Q33,if(HJ4='Quick Setup'!$R$31,'Quick Setup'!$R33,if(HJ4='Quick Setup'!$S$31,'Quick Setup'!$S33,if(HJ4='Quick Setup'!$T$31,'Quick Setup'!$T33,if(HJ4='Quick Setup'!$U$31,'Quick Setup'!$U33,if(HJ4='Quick Setup'!$V$31,'Quick Setup'!$V33,'Quick Setup'!$W33)))))))))))))))))))) -> 1 | HL4: =if(HJ4='Quick Setup'!$C$45,'Quick Setup'!$C47,if(HJ4='Quick Setup'!$D$45,'Quick Setup'!$D47,if(HJ4='Quick Setup'!$E$45,'Quick Setup'!$E47,if(HJ4='Quick Setup'!$F$45,'Quick Setup'!$F47,if(HJ4='Quick Setup'!$G$45,'Quick Setup'!$G47,if(HJ4='Quick Setup'!$H$45,'Quick Setup'!$H47,if(HJ4='Quick Setup'!$I$45,'Quick Setup'!$I47,if(HJ4='Quick Setup'!$J$45,'Quick Setup'!$J47,if(HJ4='Quick Setup'!$K$45,'Quick Setup'!$K47,if(HJ4='Quick Setup'!$L$45,'Quick Setup'!$L47,if(HJ4='Quick Setup'!$M$45,'Quick Setup'!$M47,if(HJ4='Quick Setup'!$N$45,'Quick Setup'!$N47,if(HJ4='Quick Setup'!$O$45,'Quick Setup'!$O47,if(HJ4='Quick Setup'!$P$45,'Quick Setup'!$P47,if(HJ4='Quick Setup'!$Q$45,'Quick Setup'!$Q47,if(HJ4='Quick Setup'!$R$45,'Quick Setup'!$R47,if(HJ4='Quick Setup'!$S$45,'Quick Setup'!$S47,if(HJ4='Quick Setup'!$T$45,'Quick Setup'!$T47,if(HJ4='Quick Setup'!$U$45,'Quick Setup'!$U47,if(HJ4='Quick Setup'!$V$45,'Quick Setup'!$V47,'Quick Setup'!$W47)))))))))))))))))))) -> 1 | HM4: =HA4 -> 5 | HN4: =HB4 -> -0.05 | HO4: =HC4 -> -0.02 | HP4: =HD4 -> 0 | HQ4: =HE4 -> 0.005 | HR4: =HF4 -> 0.01 | HS4: =HG4 -> 0.015 | HT4: =HH4 -> 0.02 | HU4: =HI4 -> 0.03 | HV4: ='Quick Setup'!V61 -> 0.95 | HW4: =if(HV4='Quick Setup'!$C$31,'Quick Setup'!$C33,if(HV4='Quick Setup'!$D$31,'Quick Setup'!$D33,if(HV4='Quick Setup'!$E$31,'Quick Setup'!$E33,if(HV4='Quick Setup'!$F$31,'Quick Setup'!$F33,if(HV4='Quick Setup'!$G$31,'Quick Setup'!$G33,if(HV4='Quick Setup'!$H$31,'Quick Setup'!$H33,if(HV4='Quick Setup'!$I$31,'Quick Setup'!$I33,if(HV4='Quick Setup'!$J$31,'Quick Setup'!$J33,if(HV4='Quick Setup'!$K$31,'Quick Setup'!$K33,if(HV4='Quick Setup'!$L$31,'Quick Setup'!$L33,if(HV4='Quick Setup'!$M$31,'Quick Setup'!$M33,if(HV4='Quick Setup'!$N$31,'Quick Setup'!$N33,if(HV4='Quick Setup'!$O$31,'Quick Setup'!$O33,if(HV4='Quick Setup'!$P$31,'Quick Setup'!$P33,if(HV4='Quick Setup'!$Q$31,'Quick Setup'!$Q33,if(HV4='Quick Setup'!$R$31,'Quick Setup'!$R33,if(HV4='Quick Setup'!$S$31,'Quick Setup'!$S33,if(HV4='Quick Setup'!$T$31,'Quick Setup'!$T33,if(HV4='Quick Setup'!$U$31,'Quick Setup'!$U33,if(HV4='Quick Setup'!$V$31,'Quick Setup'!$V33,'Quick Setup'!$W33)))))))))))))))))))) -> 1 | HX4: =if(HV4='Quick Setup'!$C$45,'Quick Setup'!$C47,if(HV4='Quick Setup'!$D$45,'Quick Setup'!$D47,if(HV4='Quick Setup'!$E$45,'Quick Setup'!$E47,if(HV4='Quick Setup'!$F$45,'Quick Setup'!$F47,if(HV4='Quick Setup'!$G$45,'Quick Setup'!$G47,if(HV4='Quick Setup'!$H$45,'Quick Setup'!$H47,if(HV4='Quick Setup'!$I$45,'Quick Setup'!$I47,if(HV4='Quick Setup'!$J$45,'Quick Setup'!$J47,if(HV4='Quick Setup'!$K$45,'Quick Setup'!$K47,if(HV4='Quick Setup'!$L$45,'Quick Setup'!$L47,if(HV4='Quick Setup'!$M$45,'Quick Setup'!$M47,if(HV4='Quick Setup'!$N$45,'Quick Setup'!$N47,if(HV4='Quick Setup'!$O$45,'Quick Setup'!$O47,if(HV4='Quick Setup'!$P$45,'Quick Setup'!$P47,if(HV4='Quick Setup'!$Q$45,'Quick Setup'!$Q47,if(HV4='Quick Setup'!$R$45,'Quick Setup'!$R47,if(HV4='Quick Setup'!$S$45,'Quick Setup'!$S47,if(HV4='Quick Setup'!$T$45,'Quick Setup'!$T47,if(HV4='Quick Setup'!$U$45,'Quick Setup'!$U47,if(HV4='Quick Setup'!$V$45,'Quick Setup'!$V47,'Quick Setup'!$W47)))))))))))))))))))) -> 1 | HY4: =HM4 -> 5 | HZ4: =HN4 -> -0.05 | IA4: =HO4 -> -0.02 | IB4: =HP4 -> 0 | IC4: =HQ4 -> 0.005 | ID4: =HR4 -> 0.01 | IE4: =HS4 -> 0.015 | IF4: =HT4 -> 0.02 | IG4: =HU4 -> 0.03 | IH4: ='Quick Setup'!W61 -> 0.6 | II4: =if(IH4='Quick Setup'!$C$31,'Quick Setup'!$C33,if(IH4='Quick Setup'!$D$31,'Quick Setup'!$D33,if(IH4='Quick Setup'!$E$31,'Quick Setup'!$E33,if(IH4='Quick Setup'!$F$31,'Quick Setup'!$F33,if(IH4='Quick Setup'!$G$31,'Quick Setup'!$G33,if(IH4='Quick Setup'!$H$31,'Quick Setup'!$H33,if(IH4='Quick Setup'!$I$31,'Quick Setup'!$I33,if(IH4='Quick Setup'!$J$31,'Quick Setup'!$J33,if(IH4='Quick Setup'!$K$31,'Quick Setup'!$K33,if(IH4='Quick Setup'!$L$31,'Quick Setup'!$L33,if(IH4='Quick Setup'!$M$31,'Quick Setup'!$M33,if(IH4='Quick Setup'!$N$31,'Quick Setup'!$N33,if(IH4='Quick Setup'!$O$31,'Quick Setup'!$O33,if(IH4='Quick Setup'!$P$31,'Quick Setup'!$P33,if(IH4='Quick Setup'!$Q$31,'Quick Setup'!$Q33,if(IH4='Quick Setup'!$R$31,'Quick Setup'!$R33,if(IH4='Quick Setup'!$S$31,'Quick Setup'!$S33,if(IH4='Quick Setup'!$T$31,'Quick Setup'!$T33,if(IH4='Quick Setup'!$U$31,'Quick Setup'!$U33,if(IH4='Quick Setup'!$V$31,'Quick Setup'!$V33,'Quick Setup'!$W33)))))))))))))))))))) -> 7 | IJ4: =if(IH4='Quick Setup'!$C$45,'Quick Setup'!$C47,if(IH4='Quick Setup'!$D$45,'Quick Setup'!$D47,if(IH4='Quick Setup'!$E$45,'Quick Setup'!$E47,if(IH4='Quick Setup'!$F$45,'Quick Setup'!$F47,if(IH4='Quick Setup'!$G$45,'Quick Setup'!$G47,if(IH4='Quick Setup'!$H$45,'Quick Setup'!$H47,if(IH4='Quick Setup'!$I$45,'Quick Setup'!$I47,if(IH4='Quick Setup'!$J$45,'Quick Setup'!$J47,if(IH4='Quick Setup'!$K$45,'Quick Setup'!$K47,if(IH4='Quick Setup'!$L$45,'Quick Setup'!$L47,if(IH4='Quick Setup'!$M$45,'Quick Setup'!$M47,if(IH4='Quick Setup'!$N$45,'Quick Setup'!$N47,if(IH4='Quick Setup'!$O$45,'Quick Setup'!$O47,if(IH4='Quick Setup'!$P$45,'Quick Setup'!$P47,if(IH4='Quick Setup'!$Q$45,'Quick Setup'!$Q47,if(IH4='Quick Setup'!$R$45,'Quick Setup'!$R47,if(IH4='Quick Setup'!$S$45,'Quick Setup'!$S47,if(IH4='Quick Setup'!$T$45,'Quick Setup'!$T47,if(IH4='Quick Setup'!$U$45,'Quick Setup'!$U47,if(IH4='Quick Setup'!$V$45,'Quick Setup'!$V47,'Quick Setup'!$W47)))))))))))))))))))) -> 3 | IK4: =HY4 -> 5 | IL4: =HZ4 -> -0.05 | IM4: =IA4 -> -0.02 | IN4: =IB4 -> 0 | IO4: =IC4 -> 0.005 | IP4: =ID4 -> 0.01 | IQ4: =IE4 -> 0.015 | IR4: =IF4 -> 0.02 | IS4: =IG4 -> 0.03
A5: ='Quick Setup'!C7 -> Deadlift | B5: ='Quick Setup'!C62 -> 0.7 | C5: =if(B5='Quick Setup'!$C$31,'Quick Setup'!$C34,if(B5='Quick Setup'!$D$31,'Quick Setup'!$D34,if(B5='Quick Setup'!$E$31,'Quick Setup'!$E34,if(B5='Quick Setup'!$F$31,'Quick Setup'!$F34,if(B5='Quick Setup'!$G$31,'Quick Setup'!$G34,if(B5='Quick Setup'!$H$31,'Quick Setup'!$H34,if(B5='Quick Setup'!$I$31,'Quick Setup'!$I34,if(B5='Quick Setup'!$J$31,'Quick Setup'!$J34,if(B5='Quick Setup'!$K$31,'Quick Setup'!$K34,if(B5='Quick Setup'!$L$31,'Quick Setup'!$L34,if(B5='Quick Setup'!$M$31,'Quick Setup'!$M34,if(B5='Quick Setup'!$N$31,'Quick Setup'!$N34,if(B5='Quick Setup'!$O$31,'Quick Setup'!$O34,if(B5='Quick Setup'!$P$31,'Quick Setup'!$P34,if(B5='Quick Setup'!$Q$31,'Quick Setup'!$Q34,if(B5='Quick Setup'!$R$31,'Quick Setup'!$R34,if(B5='Quick Setup'!$S$31,'Quick Setup'!$S34,if(B5='Quick Setup'!$T$31,'Quick Setup'!$T34,if(B5='Quick Setup'!$U$31,'Quick Setup'!$U34,if(B5='Quick Setup'!$V$31,'Quick Setup'!$V34,'Quick Setup'!$W34)))))))))))))))))))) -> 5 | D5: =if(B5='Quick Setup'!$C$45,'Quick Setup'!$C48,if(B5='Quick Setup'!$D$45,'Quick Setup'!$D48,if(B5='Quick Setup'!$E$45,'Quick Setup'!$E48,if(B5='Quick Setup'!$F$45,'Quick Setup'!$F48,if(B5='Quick Setup'!$G$45,'Quick Setup'!$G48,if(B5='Quick Setup'!$H$45,'Quick Setup'!$H48,if(B5='Quick Setup'!$I$45,'Quick Setup'!$I48,if(B5='Quick Setup'!$J$45,'Quick Setup'!$J48,if(B5='Quick Setup'!$K$45,'Quick Setup'!$K48,if(B5='Quick Setup'!$L$45,'Quick Setup'!$L48,if(B5='Quick Setup'!$M$45,'Quick Setup'!$M48,if(B5='Quick Setup'!$N$45,'Quick Setup'!$N48,if(B5='Quick Setup'!$O$45,'Quick Setup'!$O48,if(B5='Quick Setup'!$P$45,'Quick Setup'!$P48,if(B5='Quick Setup'!$Q$45,'Quick Setup'!$Q48,if(B5='Quick Setup'!$R$45,'Quick Setup'!$R48,if(B5='Quick Setup'!$S$45,'Quick Setup'!$S48,if(B5='Quick Setup'!$T$45,'Quick Setup'!$T48,if(B5='Quick Setup'!$U$45,'Quick Setup'!$U48,if(B5='Quick Setup'!$V$45,'Quick Setup'!$V48,'Quick Setup'!$W48)))))))))))))))))))) -> 3 | E5: ='Quick Setup'!H8 -> 5 | F5: ='Quick Setup'!I8 -> -0.05 | G5: ='Quick Setup'!J8 -> -0.02 | H5: ='Quick Setup'!K8 -> 0 | I5: ='Quick Setup'!L8 -> 0.005 | J5: ='Quick Setup'!M8 -> 0.01 | K5: ='Quick Setup'!N8 -> 0.015 | L5: ='Quick Setup'!O8 -> 0.02 | M5: ='Quick Setup'!P8 -> 0.03 | N5: ='Quick Setup'!D62 -> 0.75 | O5: =if(N5='Quick Setup'!$C$31,'Quick Setup'!$C34,if(N5='Quick Setup'!$D$31,'Quick Setup'!$D34,if(N5='Quick Setup'!$E$31,'Quick Setup'!$E34,if(N5='Quick Setup'!$F$31,'Quick Setup'!$F34,if(N5='Quick Setup'!$G$31,'Quick Setup'!$G34,if(N5='Quick Setup'!$H$31,'Quick Setup'!$H34,if(N5='Quick Setup'!$I$31,'Quick Setup'!$I34,if(N5='Quick Setup'!$J$31,'Quick Setup'!$J34,if(N5='Quick Setup'!$K$31,'Quick Setup'!$K34,if(N5='Quick Setup'!$L$31,'Quick Setup'!$L34,if(N5='Quick Setup'!$M$31,'Quick Setup'!$M34,if(N5='Quick Setup'!$N$31,'Quick Setup'!$N34,if(N5='Quick Setup'!$O$31,'Quick Setup'!$O34,if(N5='Quick Setup'!$P$31,'Quick Setup'!$P34,if(N5='Quick Setup'!$Q$31,'Quick Setup'!$Q34,if(N5='Quick Setup'!$R$31,'Quick Setup'!$R34,if(N5='Quick Setup'!$S$31,'Quick Setup'!$S34,if(N5='Quick Setup'!$T$31,'Quick Setup'!$T34,if(N5='Quick Setup'!$U$31,'Quick Setup'!$U34,if(N5='Quick Setup'!$V$31,'Quick Setup'!$V34,'Quick Setup'!$W34)))))))))))))))))))) -> 4 | P5: =if(N5='Quick Setup'!$C$45,'Quick Setup'!$C48,if(N5='Quick Setup'!$D$45,'Quick Setup'!$D48,if(N5='Quick Setup'!$E$45,'Quick Setup'!$E48,if(N5='Quick Setup'!$F$45,'Quick Setup'!$F48,if(N5='Quick Setup'!$G$45,'Quick Setup'!$G48,if(N5='Quick Setup'!$H$45,'Quick Setup'!$H48,if(N5='Quick Setup'!$I$45,'Quick Setup'!$I48,if(N5='Quick Setup'!$J$45,'Quick Setup'!$J48,if(N5='Quick Setup'!$K$45,'Quick Setup'!$K48,if(N5='Quick Setup'!$L$45,'Quick Setup'!$L48,if(N5='Quick Setup'!$M$45,'Quick Setup'!$M48,if(N5='Quick Setup'!$N$45,'Quick Setup'!$N48,if(N5='Quick Setup'!$O$45,'Quick Setup'!$O48,if(N5='Quick Setup'!$P$45,'Quick Setup'!$P48,if(N5='Quick Setup'!$Q$45,'Quick Setup'!$Q48,if(N5='Quick Setup'!$R$45,'Quick Setup'!$R48,if(N5='Quick Setup'!$S$45,'Quick Setup'!$S48,if(N5='Quick Setup'!$T$45,'Quick Setup'!$T48,if(N5='Quick Setup'!$U$45,'Quick Setup'!$U48,if(N5='Quick Setup'!$V$45,'Quick Setup'!$V48,'Quick Setup'!$W48)))))))))))))))))))) -> 2 | Q5: =E5 -> 5 | R5: =F5 -> -0.05 | S5: =G5 -> -0.02 | T5: =H5 -> 0 | U5: =I5 -> 0.005 | V5: =J5 -> 0.01 | W5: =K5 -> 0.015 | X5: =L5 -> 0.02 | Y5: =M5 -> 0.03 | Z5: ='Quick Setup'!E62 -> 0.8 | AA5: =if(Z5='Quick Setup'!$C$31,'Quick Setup'!$C34,if(Z5='Quick Setup'!$D$31,'Quick Setup'!$D34,if(Z5='Quick Setup'!$E$31,'Quick Setup'!$E34,if(Z5='Quick Setup'!$F$31,'Quick Setup'!$F34,if(Z5='Quick Setup'!$G$31,'Quick Setup'!$G34,if(Z5='Quick Setup'!$H$31,'Quick Setup'!$H34,if(Z5='Quick Setup'!$I$31,'Quick Setup'!$I34,if(Z5='Quick Setup'!$J$31,'Quick Setup'!$J34,if(Z5='Quick Setup'!$K$31,'Quick Setup'!$K34,if(Z5='Quick Setup'!$L$31,'Quick Setup'!$L34,if(Z5='Quick Setup'!$M$31,'Quick Setup'!$M34,if(Z5='Quick Setup'!$N$31,'Quick Setup'!$N34,if(Z5='Quick Setup'!$O$31,'Quick Setup'!$O34,if(Z5='Quick Setup'!$P$31,'Quick Setup'!$P34,if(Z5='Quick Setup'!$Q$31,'Quick Setup'!$Q34,if(Z5='Quick Setup'!$R$31,'Quick Setup'!$R34,if(Z5='Quick Setup'!$S$31,'Quick Setup'!$S34,if(Z5='Quick Setup'!$T$31,'Quick Setup'!$T34,if(Z5='Quick Setup'!$U$31,'Quick Setup'!$U34,if(Z5='Quick Setup'!$V$31,'Quick Setup'!$V34,'Quick Setup'!$W34)))))))))))))))))))) -> 3 | AB5: =if(Z5='Quick Setup'!$C$45,'Quick Setup'!$C48,if(Z5='Quick Setup'!$D$45,'Quick Setup'!$D48,if(Z5='Quick Setup'!$E$45,'Quick Setup'!$E48,if(Z5='Quick Setup'!$F$45,'Quick Setup'!$F48,if(Z5='Quick Setup'!$G$45,'Quick Setup'!$G48,if(Z5='Quick Setup'!$H$45,'Quick Setup'!$H48,if(Z5='Quick Setup'!$I$45,'Quick Setup'!$I48,if(Z5='Quick Setup'!$J$45,'Quick Setup'!$J48,if(Z5='Quick Setup'!$K$45,'Quick Setup'!$K48,if(Z5='Quick Setup'!$L$45,'Quick Setup'!$L48,if(Z5='Quick Setup'!$M$45,'Quick Setup'!$M48,if(Z5='Quick Setup'!$N$45,'Quick Setup'!$N48,if(Z5='Quick Setup'!$O$45,'Quick Setup'!$O48,if(Z5='Quick Setup'!$P$45,'Quick Setup'!$P48,if(Z5='Quick Setup'!$Q$45,'Quick Setup'!$Q48,if(Z5='Quick Setup'!$R$45,'Quick Setup'!$R48,if(Z5='Quick Setup'!$S$45,'Quick Setup'!$S48,if(Z5='Quick Setup'!$T$45,'Quick Setup'!$T48,if(Z5='Quick Setup'!$U$45,'Quick Setup'!$U48,if(Z5='Quick Setup'!$V$45,'Quick Setup'!$V48,'Quick Setup'!$W48)))))))))))))))))))) -> 2 | AC5: =Q5 -> 5 | AD5: =R5 -> -0.05 | AE5: =S5 -> -0.02 | AF5: =T5 -> 0 | AG5: =U5 -> 0.005 | AH5: =V5 -> 0.01 | AI5: =W5 -> 0.015 | AJ5: =X5 -> 0.02 | AK5: =Y5 -> 0.03 | AL5: ='Quick Setup'!F62 -> 0.725 | AM5: =if(AL5='Quick Setup'!$C$31,'Quick Setup'!$C34,if(AL5='Quick Setup'!$D$31,'Quick Setup'!$D34,if(AL5='Quick Setup'!$E$31,'Quick Setup'!$E34,if(AL5='Quick Setup'!$F$31,'Quick Setup'!$F34,if(AL5='Quick Setup'!$G$31,'Quick Setup'!$G34,if(AL5='Quick Setup'!$H$31,'Quick Setup'!$H34,if(AL5='Quick Setup'!$I$31,'Quick Setup'!$I34,if(AL5='Quick Setup'!$J$31,'Quick Setup'!$J34,if(AL5='Quick Setup'!$K$31,'Quick Setup'!$K34,if(AL5='Quick Setup'!$L$31,'Quick Setup'!$L34,if(AL5='Quick Setup'!$M$31,'Quick Setup'!$M34,if(AL5='Quick Setup'!$N$31,'Quick Setup'!$N34,if(AL5='Quick Setup'!$O$31,'Quick Setup'!$O34,if(AL5='Quick Setup'!$P$31,'Quick Setup'!$P34,if(AL5='Quick Setup'!$Q$31,'Quick Setup'!$Q34,if(AL5='Quick Setup'!$R$31,'Quick Setup'!$R34,if(AL5='Quick Setup'!$S$31,'Quick Setup'!$S34,if(AL5='Quick Setup'!$T$31,'Quick Setup'!$T34,if(AL5='Quick Setup'!$U$31,'Quick Setup'!$U34,if(AL5='Quick Setup'!$V$31,'Quick Setup'!$V34,'Quick Setup'!$W34)))))))))))))))))))) -> 5 | AN5: =if(AL5='Quick Setup'!$C$45,'Quick Setup'!$C48,if(AL5='Quick Setup'!$D$45,'Quick Setup'!$D48,if(AL5='Quick Setup'!$E$45,'Quick Setup'!$E48,if(AL5='Quick Setup'!$F$45,'Quick Setup'!$F48,if(AL5='Quick Setup'!$G$45,'Quick Setup'!$G48,if(AL5='Quick Setup'!$H$45,'Quick Setup'!$H48,if(AL5='Quick Setup'!$I$45,'Quick Setup'!$I48,if(AL5='Quick Setup'!$J$45,'Quick Setup'!$J48,if(AL5='Quick Setup'!$K$45,'Quick Setup'!$K48,if(AL5='Quick Setup'!$L$45,'Quick Setup'!$L48,if(AL5='Quick Setup'!$M$45,'Quick Setup'!$M48,if(AL5='Quick Setup'!$N$45,'Quick Setup'!$N48,if(AL5='Quick Setup'!$O$45,'Quick Setup'!$O48,if(AL5='Quick Setup'!$P$45,'Quick Setup'!$P48,if(AL5='Quick Setup'!$Q$45,'Quick Setup'!$Q48,if(AL5='Quick Setup'!$R$45,'Quick Setup'!$R48,if(AL5='Quick Setup'!$S$45,'Quick Setup'!$S48,if(AL5='Quick Setup'!$T$45,'Quick Setup'!$T48,if(AL5='Quick Setup'!$U$45,'Quick Setup'!$U48,if(AL5='Quick Setup'!$V$45,'Quick Setup'!$V48,'Quick Setup'!$W48)))))))))))))))))))) -> 3 | AO5: =AC5 -> 5 | AP5: =AD5 -> -0.05 | AQ5: =AE5 -> -0.02 | AR5: =AF5 -> 0 | AS5: =AG5 -> 0.005 | AT5: =AH5 -> 0.01 | AU5: =AI5 -> 0.015 | AV5: =AJ5 -> 0.02 | AW5: =AK5 -> 0.03 | AX5: ='Quick Setup'!G62 -> 0.775 | AY5: =if(AX5='Quick Setup'!$C$31,'Quick Setup'!$C34,if(AX5='Quick Setup'!$D$31,'Quick Setup'!$D34,if(AX5='Quick Setup'!$E$31,'Quick Setup'!$E34,if(AX5='Quick Setup'!$F$31,'Quick Setup'!$F34,if(AX5='Quick Setup'!$G$31,'Quick Setup'!$G34,if(AX5='Quick Setup'!$H$31,'Quick Setup'!$H34,if(AX5='Quick Setup'!$I$31,'Quick Setup'!$I34,if(AX5='Quick Setup'!$J$31,'Quick Setup'!$J34,if(AX5='Quick Setup'!$K$31,'Quick Setup'!$K34,if(AX5='Quick Setup'!$L$31,'Quick Setup'!$L34,if(AX5='Quick Setup'!$M$31,'Quick Setup'!$M34,if(AX5='Quick Setup'!$N$31,'Quick Setup'!$N34,if(AX5='Quick Setup'!$O$31,'Quick Setup'!$O34,if(AX5='Quick Setup'!$P$31,'Quick Setup'!$P34,if(AX5='Quick Setup'!$Q$31,'Quick Setup'!$Q34,if(AX5='Quick Setup'!$R$31,'Quick Setup'!$R34,if(AX5='Quick Setup'!$S$31,'Quick Setup'!$S34,if(AX5='Quick Setup'!$T$31,'Quick Setup'!$T34,if(AX5='Quick Setup'!$U$31,'Quick Setup'!$U34,if(AX5='Quick Setup'!$V$31,'Quick Setup'!$V34,'Quick Setup'!$W34)))))))))))))))))))) -> 4 | AZ5: =if(AX5='Quick Setup'!$C$45,'Quick Setup'!$C48,if(AX5='Quick Setup'!$D$45,'Quick Setup'!$D48,if(AX5='Quick Setup'!$E$45,'Quick Setup'!$E48,if(AX5='Quick Setup'!$F$45,'Quick Setup'!$F48,if(AX5='Quick Setup'!$G$45,'Quick Setup'!$G48,if(AX5='Quick Setup'!$H$45,'Quick Setup'!$H48,if(AX5='Quick Setup'!$I$45,'Quick Setup'!$I48,if(AX5='Quick Setup'!$J$45,'Quick Setup'!$J48,if(AX5='Quick Setup'!$K$45,'Quick Setup'!$K48,if(AX5='Quick Setup'!$L$45,'Quick Setup'!$L48,if(AX5='Quick Setup'!$M$45,'Quick Setup'!$M48,if(AX5='Quick Setup'!$N$45,'Quick Setup'!$N48,if(AX5='Quick Setup'!$O$45,'Quick Setup'!$O48,if(AX5='Quick Setup'!$P$45,'Quick Setup'!$P48,if(AX5='Quick Setup'!$Q$45,'Quick Setup'!$Q48,if(AX5='Quick Setup'!$R$45,'Quick Setup'!$R48,if(AX5='Quick Setup'!$S$45,'Quick Setup'!$S48,if(AX5='Quick Setup'!$T$45,'Quick Setup'!$T48,if(AX5='Quick Setup'!$U$45,'Quick Setup'!$U48,if(AX5='Quick Setup'!$V$45,'Quick Setup'!$V48,'Quick Setup'!$W48)))))))))))))))))))) -> 2 | BA5: =AO5 -> 5 | BB5: =AP5 -> -0.05 | BC5: =AQ5 -> -0.02 | BD5: =AR5 -> 0 | BE5: =AS5 -> 0.005 | BF5: =AT5 -> 0.01 | BG5: =AU5 -> 0.015 | BH5: =AV5 -> 0.02 | BI5: =AW5 -> 0.03 | BJ5: ='Quick Setup'!H62 -> 0.825 | BK5: =if(BJ5='Quick Setup'!$C$31,'Quick Setup'!$C34,if(BJ5='Quick Setup'!$D$31,'Quick Setup'!$D34,if(BJ5='Quick Setup'!$E$31,'Quick Setup'!$E34,if(BJ5='Quick Setup'!$F$31,'Quick Setup'!$F34,if(BJ5='Quick Setup'!$G$31,'Quick Setup'!$G34,if(BJ5='Quick Setup'!$H$31,'Quick Setup'!$H34,if(BJ5='Quick Setup'!$I$31,'Quick Setup'!$I34,if(BJ5='Quick Setup'!$J$31,'Quick Setup'!$J34,if(BJ5='Quick Setup'!$K$31,'Quick Setup'!$K34,if(BJ5='Quick Setup'!$L$31,'Quick Setup'!$L34,if(BJ5='Quick Setup'!$M$31,'Quick Setup'!$M34,if(BJ5='Quick Setup'!$N$31,'Quick Setup'!$N34,if(BJ5='Quick Setup'!$O$31,'Quick Setup'!$O34,if(BJ5='Quick Setup'!$P$31,'Quick Setup'!$P34,if(BJ5='Quick Setup'!$Q$31,'Quick Setup'!$Q34,if(BJ5='Quick Setup'!$R$31,'Quick Setup'!$R34,if(BJ5='Quick Setup'!$S$31,'Quick Setup'!$S34,if(BJ5='Quick Setup'!$T$31,'Quick Setup'!$T34,if(BJ5='Quick Setup'!$U$31,'Quick Setup'!$U34,if(BJ5='Quick Setup'!$V$31,'Quick Setup'!$V34,'Quick Setup'!$W34)))))))))))))))))))) -> 3 | BL5: =if(BJ5='Quick Setup'!$C$45,'Quick Setup'!$C48,if(BJ5='Quick Setup'!$D$45,'Quick Setup'!$D48,if(BJ5='Quick Setup'!$E$45,'Quick Setup'!$E48,if(BJ5='Quick Setup'!$F$45,'Quick Setup'!$F48,if(BJ5='Quick Setup'!$G$45,'Quick Setup'!$G48,if(BJ5='Quick Setup'!$H$45,'Quick Setup'!$H48,if(BJ5='Quick Setup'!$I$45,'Quick Setup'!$I48,if(BJ5='Quick Setup'!$J$45,'Quick Setup'!$J48,if(BJ5='Quick Setup'!$K$45,'Quick Setup'!$K48,if(BJ5='Quick Setup'!$L$45,'Quick Setup'!$L48,if(BJ5='Quick Setup'!$M$45,'Quick Setup'!$M48,if(BJ5='Quick Setup'!$N$45,'Quick Setup'!$N48,if(BJ5='Quick Setup'!$O$45,'Quick Setup'!$O48,if(BJ5='Quick Setup'!$P$45,'Quick Setup'!$P48,if(BJ5='Quick Setup'!$Q$45,'Quick Setup'!$Q48,if(BJ5='Quick Setup'!$R$45,'Quick Setup'!$R48,if(BJ5='Quick Setup'!$S$45,'Quick Setup'!$S48,if(BJ5='Quick Setup'!$T$45,'Quick Setup'!$T48,if(BJ5='Quick Setup'!$U$45,'Quick Setup'!$U48,if(BJ5='Quick Setup'!$V$45,'Quick Setup'!$V48,'Quick Setup'!$W48)))))))))))))))))))) -> 2 | BM5: =BA5 -> 5 | BN5: =BB5 -> -0.05 | BO5: =BC5 -> -0.02 | BP5: =BD5 -> 0 | BQ5: =BE5 -> 0.005 | BR5: =BF5 -> 0.01 | BS5: =BG5 -> 0.015 | BT5: =BH5 -> 0.02 | BU5: =BI5 -> 0.03 | BV5: ='Quick Setup'!I62 -> 0.6 | BW5: =if(BV5='Quick Setup'!$C$31,'Quick Setup'!$C34,if(BV5='Quick Setup'!$D$31,'Quick Setup'!$D34,if(BV5='Quick Setup'!$E$31,'Quick Setup'!$E34,if(BV5='Quick Setup'!$F$31,'Quick Setup'!$F34,if(BV5='Quick Setup'!$G$31,'Quick Setup'!$G34,if(BV5='Quick Setup'!$H$31,'Quick Setup'!$H34,if(BV5='Quick Setup'!$I$31,'Quick Setup'!$I34,if(BV5='Quick Setup'!$J$31,'Quick Setup'!$J34,if(BV5='Quick Setup'!$K$31,'Quick Setup'!$K34,if(BV5='Quick Setup'!$L$31,'Quick Setup'!$L34,if(BV5='Quick Setup'!$M$31,'Quick Setup'!$M34,if(BV5='Quick Setup'!$N$31,'Quick Setup'!$N34,if(BV5='Quick Setup'!$O$31,'Quick Setup'!$O34,if(BV5='Quick Setup'!$P$31,'Quick Setup'!$P34,if(BV5='Quick Setup'!$Q$31,'Quick Setup'!$Q34,if(BV5='Quick Setup'!$R$31,'Quick Setup'!$R34,if(BV5='Quick Setup'!$S$31,'Quick Setup'!$S34,if(BV5='Quick Setup'!$T$31,'Quick Setup'!$T34,if(BV5='Quick Setup'!$U$31,'Quick Setup'!$U34,if(BV5='Quick Setup'!$V$31,'Quick Setup'!$V34,'Quick Setup'!$W34)))))))))))))))))))) -> 7 | BX5: =if(BV5='Quick Setup'!$C$45,'Quick Setup'!$C48,if(BV5='Quick Setup'!$D$45,'Quick Setup'!$D48,if(BV5='Quick Setup'!$E$45,'Quick Setup'!$E48,if(BV5='Quick Setup'!$F$45,'Quick Setup'!$F48,if(BV5='Quick Setup'!$G$45,'Quick Setup'!$G48,if(BV5='Quick Setup'!$H$45,'Quick Setup'!$H48,if(BV5='Quick Setup'!$I$45,'Quick Setup'!$I48,if(BV5='Quick Setup'!$J$45,'Quick Setup'!$J48,if(BV5='Quick Setup'!$K$45,'Quick Setup'!$K48,if(BV5='Quick Setup'!$L$45,'Quick Setup'!$L48,if(BV5='Quick Setup'!$M$45,'Quick Setup'!$M48,if(BV5='Quick Setup'!$N$45,'Quick Setup'!$N48,if(BV5='Quick Setup'!$O$45,'Quick Setup'!$O48,if(BV5='Quick Setup'!$P$45,'Quick Setup'!$P48,if(BV5='Quick Setup'!$Q$45,'Quick Setup'!$Q48,if(BV5='Quick Setup'!$R$45,'Quick Setup'!$R48,if(BV5='Quick Setup'!$S$45,'Quick Setup'!$S48,if(BV5='Quick Setup'!$T$45,'Quick Setup'!$T48,if(BV5='Quick Setup'!$U$45,'Quick Setup'!$U48,if(BV5='Quick Setup'!$V$45,'Quick Setup'!$V48,'Quick Setup'!$W48)))))))))))))))))))) -> 3 | BY5: =BM5 -> 5 | BZ5: =BN5 -> -0.05 | CA5: =BO5 -> -0.02 | CB5: =BP5 -> 0 | CC5: =BQ5 -> 0.005 | CD5: =BR5 -> 0.01 | CE5: =BS5 -> 0.015 | CF5: =BT5 -> 0.02 | CG5: =BU5 -> 0.03 | CH5: ='Quick Setup'!J62 -> 0.75 | CI5: =if(CH5='Quick Setup'!$C$31,'Quick Setup'!$C34,if(CH5='Quick Setup'!$D$31,'Quick Setup'!$D34,if(CH5='Quick Setup'!$E$31,'Quick Setup'!$E34,if(CH5='Quick Setup'!$F$31,'Quick Setup'!$F34,if(CH5='Quick Setup'!$G$31,'Quick Setup'!$G34,if(CH5='Quick Setup'!$H$31,'Quick Setup'!$H34,if(CH5='Quick Setup'!$I$31,'Quick Setup'!$I34,if(CH5='Quick Setup'!$J$31,'Quick Setup'!$J34,if(CH5='Quick Setup'!$K$31,'Quick Setup'!$K34,if(CH5='Quick Setup'!$L$31,'Quick Setup'!$L34,if(CH5='Quick Setup'!$M$31,'Quick Setup'!$M34,if(CH5='Quick Setup'!$N$31,'Quick Setup'!$N34,if(CH5='Quick Setup'!$O$31,'Quick Setup'!$O34,if(CH5='Quick Setup'!$P$31,'Quick Setup'!$P34,if(CH5='Quick Setup'!$Q$31,'Quick Setup'!$Q34,if(CH5='Quick Setup'!$R$31,'Quick Setup'!$R34,if(CH5='Quick Setup'!$S$31,'Quick Setup'!$S34,if(CH5='Quick Setup'!$T$31,'Quick Setup'!$T34,if(CH5='Quick Setup'!$U$31,'Quick Setup'!$U34,if(CH5='Quick Setup'!$V$31,'Quick Setup'!$V34,'Quick Setup'!$W34)))))))))))))))))))) -> 4 | CJ5: =if(CH5='Quick Setup'!$C$45,'Quick Setup'!$C48,if(CH5='Quick Setup'!$D$45,'Quick Setup'!$D48,if(CH5='Quick Setup'!$E$45,'Quick Setup'!$E48,if(CH5='Quick Setup'!$F$45,'Quick Setup'!$F48,if(CH5='Quick Setup'!$G$45,'Quick Setup'!$G48,if(CH5='Quick Setup'!$H$45,'Quick Setup'!$H48,if(CH5='Quick Setup'!$I$45,'Quick Setup'!$I48,if(CH5='Quick Setup'!$J$45,'Quick Setup'!$J48,if(CH5='Quick Setup'!$K$45,'Quick Setup'!$K48,if(CH5='Quick Setup'!$L$45,'Quick Setup'!$L48,if(CH5='Quick Setup'!$M$45,'Quick Setup'!$M48,if(CH5='Quick Setup'!$N$45,'Quick Setup'!$N48,if(CH5='Quick Setup'!$O$45,'Quick Setup'!$O48,if(CH5='Quick Setup'!$P$45,'Quick Setup'!$P48,if(CH5='Quick Setup'!$Q$45,'Quick Setup'!$Q48,if(CH5='Quick Setup'!$R$45,'Quick Setup'!$R48,if(CH5='Quick Setup'!$S$45,'Quick Setup'!$S48,if(CH5='Quick Setup'!$T$45,'Quick Setup'!$T48,if(CH5='Quick Setup'!$U$45,'Quick Setup'!$U48,if(CH5='Quick Setup'!$V$45,'Quick Setup'!$V48,'Quick Setup'!$W48)))))))))))))))))))) -> 2 | CK5: =BY5 -> 5 | CL5: =BZ5 -> -0.05 | CM5: =CA5 -> -0.02 | CN5: =CB5 -> 0 | CO5: =CC5 -> 0.005 | CP5: =CD5 -> 0.01 | CQ5: =CE5 -> 0.015 | CR5: =CF5 -> 0.02 | CS5: =CG5 -> 0.03 | CT5: ='Quick Setup'!K62 -> 0.8 | CU5: =if(CT5='Quick Setup'!$C$31,'Quick Setup'!$C34,if(CT5='Quick Setup'!$D$31,'Quick Setup'!$D34,if(CT5='Quick Setup'!$E$31,'Quick Setup'!$E34,if(CT5='Quick Setup'!$F$31,'Quick Setup'!$F34,if(CT5='Quick Setup'!$G$31,'Quick Setup'!$G34,if(CT5='Quick Setup'!$H$31,'Quick Setup'!$H34,if(CT5='Quick Setup'!$I$31,'Quick Setup'!$I34,if(CT5='Quick Setup'!$J$31,'Quick Setup'!$J34,if(CT5='Quick Setup'!$K$31,'Quick Setup'!$K34,if(CT5='Quick Setup'!$L$31,'Quick Setup'!$L34,if(CT5='Quick Setup'!$M$31,'Quick Setup'!$M34,if(CT5='Quick Setup'!$N$31,'Quick Setup'!$N34,if(CT5='Quick Setup'!$O$31,'Quick Setup'!$O34,if(CT5='Quick Setup'!$P$31,'Quick Setup'!$P34,if(CT5='Quick Setup'!$Q$31,'Quick Setup'!$Q34,if(CT5='Quick Setup'!$R$31,'Quick Setup'!$R34,if(CT5='Quick Setup'!$S$31,'Quick Setup'!$S34,if(CT5='Quick Setup'!$T$31,'Quick Setup'!$T34,if(CT5='Quick Setup'!$U$31,'Quick Setup'!$U34,if(CT5='Quick Setup'!$V$31,'Quick Setup'!$V34,'Quick Setup'!$W34)))))))))))))))))))) -> 3 | CV5: =if(CT5='Quick Setup'!$C$45,'Quick Setup'!$C48,if(CT5='Quick Setup'!$D$45,'Quick Setup'!$D48,if(CT5='Quick Setup'!$E$45,'Quick Setup'!$E48,if(CT5='Quick Setup'!$F$45,'Quick Setup'!$F48,if(CT5='Quick Setup'!$G$45,'Quick Setup'!$G48,if(CT5='Quick Setup'!$H$45,'Quick Setup'!$H48,if(CT5='Quick Setup'!$I$45,'Quick Setup'!$I48,if(CT5='Quick Setup'!$J$45,'Quick Setup'!$J48,if(CT5='Quick Setup'!$K$45,'Quick Setup'!$K48,if(CT5='Quick Setup'!$L$45,'Quick Setup'!$L48,if(CT5='Quick Setup'!$M$45,'Quick Setup'!$M48,if(CT5='Quick Setup'!$N$45,'Quick Setup'!$N48,if(CT5='Quick Setup'!$O$45,'Quick Setup'!$O48,if(CT5='Quick Setup'!$P$45,'Quick Setup'!$P48,if(CT5='Quick Setup'!$Q$45,'Quick Setup'!$Q48,if(CT5='Quick Setup'!$R$45,'Quick Setup'!$R48,if(CT5='Quick Setup'!$S$45,'Quick Setup'!$S48,if(CT5='Quick Setup'!$T$45,'Quick Setup'!$T48,if(CT5='Quick Setup'!$U$45,'Quick Setup'!$U48,if(CT5='Quick Setup'!$V$45,'Quick Setup'!$V48,'Quick Setup'!$W48)))))))))))))))))))) -> 2 | CW5: =CK5 -> 5 | CX5: =CL5 -> -0.05 | CY5: =CM5 -> -0.02 | CZ5: =CN5 -> 0 | DA5: =CO5 -> 0.005 | DB5: =CP5 -> 0.01 | DC5: =CQ5 -> 0.015 | DD5: =CR5 -> 0.02 | DE5: =CS5 -> 0.03 | DF5: ='Quick Setup'!L62 -> 0.85 | DG5: =if(DF5='Quick Setup'!$C$31,'Quick Setup'!$C34,if(DF5='Quick Setup'!$D$31,'Quick Setup'!$D34,if(DF5='Quick Setup'!$E$31,'Quick Setup'!$E34,if(DF5='Quick Setup'!$F$31,'Quick Setup'!$F34,if(DF5='Quick Setup'!$G$31,'Quick Setup'!$G34,if(DF5='Quick Setup'!$H$31,'Quick Setup'!$H34,if(DF5='Quick Setup'!$I$31,'Quick Setup'!$I34,if(DF5='Quick Setup'!$J$31,'Quick Setup'!$J34,if(DF5='Quick Setup'!$K$31,'Quick Setup'!$K34,if(DF5='Quick Setup'!$L$31,'Quick Setup'!$L34,if(DF5='Quick Setup'!$M$31,'Quick Setup'!$M34,if(DF5='Quick Setup'!$N$31,'Quick Setup'!$N34,if(DF5='Quick Setup'!$O$31,'Quick Setup'!$O34,if(DF5='Quick Setup'!$P$31,'Quick Setup'!$P34,if(DF5='Quick Setup'!$Q$31,'Quick Setup'!$Q34,if(DF5='Quick Setup'!$R$31,'Quick Setup'!$R34,if(DF5='Quick Setup'!$S$31,'Quick Setup'!$S34,if(DF5='Quick Setup'!$T$31,'Quick Setup'!$T34,if(DF5='Quick Setup'!$U$31,'Quick Setup'!$U34,if(DF5='Quick Setup'!$V$31,'Quick Setup'!$V34,'Quick Setup'!$W34)))))))))))))))))))) -> 2 | DH5: =if(DF5='Quick Setup'!$C$45,'Quick Setup'!$C48,if(DF5='Quick Setup'!$D$45,'Quick Setup'!$D48,if(DF5='Quick Setup'!$E$45,'Quick Setup'!$E48,if(DF5='Quick Setup'!$F$45,'Quick Setup'!$F48,if(DF5='Quick Setup'!$G$45,'Quick Setup'!$G48,if(DF5='Quick Setup'!$H$45,'Quick Setup'!$H48,if(DF5='Quick Setup'!$I$45,'Quick Setup'!$I48,if(DF5='Quick Setup'!$J$45,'Quick Setup'!$J48,if(DF5='Quick Setup'!$K$45,'Quick Setup'!$K48,if(DF5='Quick Setup'!$L$45,'Quick Setup'!$L48,if(DF5='Quick Setup'!$M$45,'Quick Setup'!$M48,if(DF5='Quick Setup'!$N$45,'Quick Setup'!$N48,if(DF5='Quick Setup'!$O$45,'Quick Setup'!$O48,if(DF5='Quick Setup'!$P$45,'Quick Setup'!$P48,if(DF5='Quick Setup'!$Q$45,'Quick Setup'!$Q48,if(DF5='Quick Setup'!$R$45,'Quick Setup'!$R48,if(DF5='Quick Setup'!$S$45,'Quick Setup'!$S48,if(DF5='Quick Setup'!$T$45,'Quick Setup'!$T48,if(DF5='Quick Setup'!$U$45,'Quick Setup'!$U48,if(DF5='Quick Setup'!$V$45,'Quick Setup'!$V48,'Quick Setup'!$W48)))))))))))))))))))) -> 1 | DI5: =CW5 -> 5 | DJ5: =CX5 -> -0.05 | DK5: =CY5 -> -0.02 | DL5: =CZ5 -> 0 | DM5: =DA5 -> 0.005 | DN5: =DB5 -> 0.01 | DO5: =DC5 -> 0.015 | DP5: =DD5 -> 0.02 | DQ5: =DE5 -> 0.03 | DR5: ='Quick Setup'!M62 -> 0.775 | DS5: =if(DR5='Quick Setup'!$C$31,'Quick Setup'!$C34,if(DR5='Quick Setup'!$D$31,'Quick Setup'!$D34,if(DR5='Quick Setup'!$E$31,'Quick Setup'!$E34,if(DR5='Quick Setup'!$F$31,'Quick Setup'!$F34,if(DR5='Quick Setup'!$G$31,'Quick Setup'!$G34,if(DR5='Quick Setup'!$H$31,'Quick Setup'!$H34,if(DR5='Quick Setup'!$I$31,'Quick Setup'!$I34,if(DR5='Quick Setup'!$J$31,'Quick Setup'!$J34,if(DR5='Quick Setup'!$K$31,'Quick Setup'!$K34,if(DR5='Quick Setup'!$L$31,'Quick Setup'!$L34,if(DR5='Quick Setup'!$M$31,'Quick Setup'!$M34,if(DR5='Quick Setup'!$N$31,'Quick Setup'!$N34,if(DR5='Quick Setup'!$O$31,'Quick Setup'!$O34,if(DR5='Quick Setup'!$P$31,'Quick Setup'!$P34,if(DR5='Quick Setup'!$Q$31,'Quick Setup'!$Q34,if(DR5='Quick Setup'!$R$31,'Quick Setup'!$R34,if(DR5='Quick Setup'!$S$31,'Quick Setup'!$S34,if(DR5='Quick Setup'!$T$31,'Quick Setup'!$T34,if(DR5='Quick Setup'!$U$31,'Quick Setup'!$U34,if(DR5='Quick Setup'!$V$31,'Quick Setup'!$V34,'Quick Setup'!$W34)))))))))))))))))))) -> 4 | DT5: =if(DR5='Quick Setup'!$C$45,'Quick Setup'!$C48,if(DR5='Quick Setup'!$D$45,'Quick Setup'!$D48,if(DR5='Quick Setup'!$E$45,'Quick Setup'!$E48,if(DR5='Quick Setup'!$F$45,'Quick Setup'!$F48,if(DR5='Quick Setup'!$G$45,'Quick Setup'!$G48,if(DR5='Quick Setup'!$H$45,'Quick Setup'!$H48,if(DR5='Quick Setup'!$I$45,'Quick Setup'!$I48,if(DR5='Quick Setup'!$J$45,'Quick Setup'!$J48,if(DR5='Quick Setup'!$K$45,'Quick Setup'!$K48,if(DR5='Quick Setup'!$L$45,'Quick Setup'!$L48,if(DR5='Quick Setup'!$M$45,'Quick Setup'!$M48,if(DR5='Quick Setup'!$N$45,'Quick Setup'!$N48,if(DR5='Quick Setup'!$O$45,'Quick Setup'!$O48,if(DR5='Quick Setup'!$P$45,'Quick Setup'!$P48,if(DR5='Quick Setup'!$Q$45,'Quick Setup'!$Q48,if(DR5='Quick Setup'!$R$45,'Quick Setup'!$R48,if(DR5='Quick Setup'!$S$45,'Quick Setup'!$S48,if(DR5='Quick Setup'!$T$45,'Quick Setup'!$T48,if(DR5='Quick Setup'!$U$45,'Quick Setup'!$U48,if(DR5='Quick Setup'!$V$45,'Quick Setup'!$V48,'Quick Setup'!$W48)))))))))))))))))))) -> 2 | DU5: =DI5 -> 5 | DV5: =DJ5 -> -0.05 | DW5: =DK5 -> -0.02 | DX5: =DL5 -> 0 | DY5: =DM5 -> 0.005 | DZ5: =DN5 -> 0.01 | EA5: =DO5 -> 0.015 | EB5: =DP5 -> 0.02 | EC5: =DQ5 -> 0.03 | ED5: ='Quick Setup'!N62 -> 0.825 | EE5: =if(ED5='Quick Setup'!$C$31,'Quick Setup'!$C34,if(ED5='Quick Setup'!$D$31,'Quick Setup'!$D34,if(ED5='Quick Setup'!$E$31,'Quick Setup'!$E34,if(ED5='Quick Setup'!$F$31,'Quick Setup'!$F34,if(ED5='Quick Setup'!$G$31,'Quick Setup'!$G34,if(ED5='Quick Setup'!$H$31,'Quick Setup'!$H34,if(ED5='Quick Setup'!$I$31,'Quick Setup'!$I34,if(ED5='Quick Setup'!$J$31,'Quick Setup'!$J34,if(ED5='Quick Setup'!$K$31,'Quick Setup'!$K34,if(ED5='Quick Setup'!$L$31,'Quick Setup'!$L34,if(ED5='Quick Setup'!$M$31,'Quick Setup'!$M34,if(ED5='Quick Setup'!$N$31,'Quick Setup'!$N34,if(ED5='Quick Setup'!$O$31,'Quick Setup'!$O34,if(ED5='Quick Setup'!$P$31,'Quick Setup'!$P34,if(ED5='Quick Setup'!$Q$31,'Quick Setup'!$Q34,if(ED5='Quick Setup'!$R$31,'Quick Setup'!$R34,if(ED5='Quick Setup'!$S$31,'Quick Setup'!$S34,if(ED5='Quick Setup'!$T$31,'Quick Setup'!$T34,if(ED5='Quick Setup'!$U$31,'Quick Setup'!$U34,if(ED5='Quick Setup'!$V$31,'Quick Setup'!$V34,'Quick Setup'!$W34)))))))))))))))))))) -> 3 | EF5: =if(ED5='Quick Setup'!$C$45,'Quick Setup'!$C48,if(ED5='Quick Setup'!$D$45,'Quick Setup'!$D48,if(ED5='Quick Setup'!$E$45,'Quick Setup'!$E48,if(ED5='Quick Setup'!$F$45,'Quick Setup'!$F48,if(ED5='Quick Setup'!$G$45,'Quick Setup'!$G48,if(ED5='Quick Setup'!$H$45,'Quick Setup'!$H48,if(ED5='Quick Setup'!$I$45,'Quick Setup'!$I48,if(ED5='Quick Setup'!$J$45,'Quick Setup'!$J48,if(ED5='Quick Setup'!$K$45,'Quick Setup'!$K48,if(ED5='Quick Setup'!$L$45,'Quick Setup'!$L48,if(ED5='Quick Setup'!$M$45,'Quick Setup'!$M48,if(ED5='Quick Setup'!$N$45,'Quick Setup'!$N48,if(ED5='Quick Setup'!$O$45,'Quick Setup'!$O48,if(ED5='Quick Setup'!$P$45,'Quick Setup'!$P48,if(ED5='Quick Setup'!$Q$45,'Quick Setup'!$Q48,if(ED5='Quick Setup'!$R$45,'Quick Setup'!$R48,if(ED5='Quick Setup'!$S$45,'Quick Setup'!$S48,if(ED5='Quick Setup'!$T$45,'Quick Setup'!$T48,if(ED5='Quick Setup'!$U$45,'Quick Setup'!$U48,if(ED5='Quick Setup'!$V$45,'Quick Setup'!$V48,'Quick Setup'!$W48)))))))))))))))))))) -> 2 | EG5: =DU5 -> 5 | EH5: =DV5 -> -0.05 | EI5: =DW5 -> -0.02 | EJ5: =DX5 -> 0 | EK5: =DY5 -> 0.005 | EL5: =DZ5 -> 0.01 | EM5: =EA5 -> 0.015 | EN5: =EB5 -> 0.02 | EO5: =EC5 -> 0.03 | EP5: ='Quick Setup'!O62 -> 0.875 | EQ5: =if(EP5='Quick Setup'!$C$31,'Quick Setup'!$C34,if(EP5='Quick Setup'!$D$31,'Quick Setup'!$D34,if(EP5='Quick Setup'!$E$31,'Quick Setup'!$E34,if(EP5='Quick Setup'!$F$31,'Quick Setup'!$F34,if(EP5='Quick Setup'!$G$31,'Quick Setup'!$G34,if(EP5='Quick Setup'!$H$31,'Quick Setup'!$H34,if(EP5='Quick Setup'!$I$31,'Quick Setup'!$I34,if(EP5='Quick Setup'!$J$31,'Quick Setup'!$J34,if(EP5='Quick Setup'!$K$31,'Quick Setup'!$K34,if(EP5='Quick Setup'!$L$31,'Quick Setup'!$L34,if(EP5='Quick Setup'!$M$31,'Quick Setup'!$M34,if(EP5='Quick Setup'!$N$31,'Quick Setup'!$N34,if(EP5='Quick Setup'!$O$31,'Quick Setup'!$O34,if(EP5='Quick Setup'!$P$31,'Quick Setup'!$P34,if(EP5='Quick Setup'!$Q$31,'Quick Setup'!$Q34,if(EP5='Quick Setup'!$R$31,'Quick Setup'!$R34,if(EP5='Quick Setup'!$S$31,'Quick Setup'!$S34,if(EP5='Quick Setup'!$T$31,'Quick Setup'!$T34,if(EP5='Quick Setup'!$U$31,'Quick Setup'!$U34,if(EP5='Quick Setup'!$V$31,'Quick Setup'!$V34,'Quick Setup'!$W34)))))))))))))))))))) -> 2 | ER5: =if(EP5='Quick Setup'!$C$45,'Quick Setup'!$C48,if(EP5='Quick Setup'!$D$45,'Quick Setup'!$D48,if(EP5='Quick Setup'!$E$45,'Quick Setup'!$E48,if(EP5='Quick Setup'!$F$45,'Quick Setup'!$F48,if(EP5='Quick Setup'!$G$45,'Quick Setup'!$G48,if(EP5='Quick Setup'!$H$45,'Quick Setup'!$H48,if(EP5='Quick Setup'!$I$45,'Quick Setup'!$I48,if(EP5='Quick Setup'!$J$45,'Quick Setup'!$J48,if(EP5='Quick Setup'!$K$45,'Quick Setup'!$K48,if(EP5='Quick Setup'!$L$45,'Quick Setup'!$L48,if(EP5='Quick Setup'!$M$45,'Quick Setup'!$M48,if(EP5='Quick Setup'!$N$45,'Quick Setup'!$N48,if(EP5='Quick Setup'!$O$45,'Quick Setup'!$O48,if(EP5='Quick Setup'!$P$45,'Quick Setup'!$P48,if(EP5='Quick Setup'!$Q$45,'Quick Setup'!$Q48,if(EP5='Quick Setup'!$R$45,'Quick Setup'!$R48,if(EP5='Quick Setup'!$S$45,'Quick Setup'!$S48,if(EP5='Quick Setup'!$T$45,'Quick Setup'!$T48,if(EP5='Quick Setup'!$U$45,'Quick Setup'!$U48,if(EP5='Quick Setup'!$V$45,'Quick Setup'!$V48,'Quick Setup'!$W48)))))))))))))))))))) -> 1 | ES5: =EG5 -> 5 | ET5: =EH5 -> -0.05 | EU5: =EI5 -> -0.02 | EV5: =EJ5 -> 0 | EW5: =EK5 -> 0.005 | EX5: =EL5 -> 0.01 | EY5: =EM5 -> 0.015 | EZ5: =EN5 -> 0.02 | FA5: =EO5 -> 0.03 | FB5: ='Quick Setup'!P62 -> 0.6 | FC5: =if(FB5='Quick Setup'!$C$31,'Quick Setup'!$C34,if(FB5='Quick Setup'!$D$31,'Quick Setup'!$D34,if(FB5='Quick Setup'!$E$31,'Quick Setup'!$E34,if(FB5='Quick Setup'!$F$31,'Quick Setup'!$F34,if(FB5='Quick Setup'!$G$31,'Quick Setup'!$G34,if(FB5='Quick Setup'!$H$31,'Quick Setup'!$H34,if(FB5='Quick Setup'!$I$31,'Quick Setup'!$I34,if(FB5='Quick Setup'!$J$31,'Quick Setup'!$J34,if(FB5='Quick Setup'!$K$31,'Quick Setup'!$K34,if(FB5='Quick Setup'!$L$31,'Quick Setup'!$L34,if(FB5='Quick Setup'!$M$31,'Quick Setup'!$M34,if(FB5='Quick Setup'!$N$31,'Quick Setup'!$N34,if(FB5='Quick Setup'!$O$31,'Quick Setup'!$O34,if(FB5='Quick Setup'!$P$31,'Quick Setup'!$P34,if(FB5='Quick Setup'!$Q$31,'Quick Setup'!$Q34,if(FB5='Quick Setup'!$R$31,'Quick Setup'!$R34,if(FB5='Quick Setup'!$S$31,'Quick Setup'!$S34,if(FB5='Quick Setup'!$T$31,'Quick Setup'!$T34,if(FB5='Quick Setup'!$U$31,'Quick Setup'!$U34,if(FB5='Quick Setup'!$V$31,'Quick Setup'!$V34,'Quick Setup'!$W34)))))))))))))))))))) -> 7 | FD5: =if(FB5='Quick Setup'!$C$45,'Quick Setup'!$C48,if(FB5='Quick Setup'!$D$45,'Quick Setup'!$D48,if(FB5='Quick Setup'!$E$45,'Quick Setup'!$E48,if(FB5='Quick Setup'!$F$45,'Quick Setup'!$F48,if(FB5='Quick Setup'!$G$45,'Quick Setup'!$G48,if(FB5='Quick Setup'!$H$45,'Quick Setup'!$H48,if(FB5='Quick Setup'!$I$45,'Quick Setup'!$I48,if(FB5='Quick Setup'!$J$45,'Quick Setup'!$J48,if(FB5='Quick Setup'!$K$45,'Quick Setup'!$K48,if(FB5='Quick Setup'!$L$45,'Quick Setup'!$L48,if(FB5='Quick Setup'!$M$45,'Quick Setup'!$M48,if(FB5='Quick Setup'!$N$45,'Quick Setup'!$N48,if(FB5='Quick Setup'!$O$45,'Quick Setup'!$O48,if(FB5='Quick Setup'!$P$45,'Quick Setup'!$P48,if(FB5='Quick Setup'!$Q$45,'Quick Setup'!$Q48,if(FB5='Quick Setup'!$R$45,'Quick Setup'!$R48,if(FB5='Quick Setup'!$S$45,'Quick Setup'!$S48,if(FB5='Quick Setup'!$T$45,'Quick Setup'!$T48,if(FB5='Quick Setup'!$U$45,'Quick Setup'!$U48,if(FB5='Quick Setup'!$V$45,'Quick Setup'!$V48,'Quick Setup'!$W48)))))))))))))))))))) -> 3 | FE5: =ES5 -> 5 | FF5: =ET5 -> -0.05 | FG5: =EU5 -> -0.02 | FH5: =EV5 -> 0 | FI5: =EW5 -> 0.005 | FJ5: =EX5 -> 0.01 | FK5: =EY5 -> 0.015 | FL5: =EZ5 -> 0.02 | FM5: =FA5 -> 0.03 | FN5: ='Quick Setup'!Q62 -> 0.8 | FO5: =if(FN5='Quick Setup'!$C$31,'Quick Setup'!$C34,if(FN5='Quick Setup'!$D$31,'Quick Setup'!$D34,if(FN5='Quick Setup'!$E$31,'Quick Setup'!$E34,if(FN5='Quick Setup'!$F$31,'Quick Setup'!$F34,if(FN5='Quick Setup'!$G$31,'Quick Setup'!$G34,if(FN5='Quick Setup'!$H$31,'Quick Setup'!$H34,if(FN5='Quick Setup'!$I$31,'Quick Setup'!$I34,if(FN5='Quick Setup'!$J$31,'Quick Setup'!$J34,if(FN5='Quick Setup'!$K$31,'Quick Setup'!$K34,if(FN5='Quick Setup'!$L$31,'Quick Setup'!$L34,if(FN5='Quick Setup'!$M$31,'Quick Setup'!$M34,if(FN5='Quick Setup'!$N$31,'Quick Setup'!$N34,if(FN5='Quick Setup'!$O$31,'Quick Setup'!$O34,if(FN5='Quick Setup'!$P$31,'Quick Setup'!$P34,if(FN5='Quick Setup'!$Q$31,'Quick Setup'!$Q34,if(FN5='Quick Setup'!$R$31,'Quick Setup'!$R34,if(FN5='Quick Setup'!$S$31,'Quick Setup'!$S34,if(FN5='Quick Setup'!$T$31,'Quick Setup'!$T34,if(FN5='Quick Setup'!$U$31,'Quick Setup'!$U34,if(FN5='Quick Setup'!$V$31,'Quick Setup'!$V34,'Quick Setup'!$W34)))))))))))))))))))) -> 3 | FP5: =if(FN5='Quick Setup'!$C$45,'Quick Setup'!$C48,if(FN5='Quick Setup'!$D$45,'Quick Setup'!$D48,if(FN5='Quick Setup'!$E$45,'Quick Setup'!$E48,if(FN5='Quick Setup'!$F$45,'Quick Setup'!$F48,if(FN5='Quick Setup'!$G$45,'Quick Setup'!$G48,if(FN5='Quick Setup'!$H$45,'Quick Setup'!$H48,if(FN5='Quick Setup'!$I$45,'Quick Setup'!$I48,if(FN5='Quick Setup'!$J$45,'Quick Setup'!$J48,if(FN5='Quick Setup'!$K$45,'Quick Setup'!$K48,if(FN5='Quick Setup'!$L$45,'Quick Setup'!$L48,if(FN5='Quick Setup'!$M$45,'Quick Setup'!$M48,if(FN5='Quick Setup'!$N$45,'Quick Setup'!$N48,if(FN5='Quick Setup'!$O$45,'Quick Setup'!$O48,if(FN5='Quick Setup'!$P$45,'Quick Setup'!$P48,if(FN5='Quick Setup'!$Q$45,'Quick Setup'!$Q48,if(FN5='Quick Setup'!$R$45,'Quick Setup'!$R48,if(FN5='Quick Setup'!$S$45,'Quick Setup'!$S48,if(FN5='Quick Setup'!$T$45,'Quick Setup'!$T48,if(FN5='Quick Setup'!$U$45,'Quick Setup'!$U48,if(FN5='Quick Setup'!$V$45,'Quick Setup'!$V48,'Quick Setup'!$W48)))))))))))))))))))) -> 2 | FQ5: =FE5 -> 5 | FR5: =FF5 -> -0.05 | FS5: =FG5 -> -0.02 | FT5: =FH5 -> 0 | FU5: =FI5 -> 0.005 | FV5: =FJ5 -> 0.01 | FW5: =FK5 -> 0.015 | FX5: =FL5 -> 0.02 | FY5: =FM5 -> 0.03 | FZ5: ='Quick Setup'!R62 -> 0.85 | GA5: =if(FZ5='Quick Setup'!$C$31,'Quick Setup'!$C34,if(FZ5='Quick Setup'!$D$31,'Quick Setup'!$D34,if(FZ5='Quick Setup'!$E$31,'Quick Setup'!$E34,if(FZ5='Quick Setup'!$F$31,'Quick Setup'!$F34,if(FZ5='Quick Setup'!$G$31,'Quick Setup'!$G34,if(FZ5='Quick Setup'!$H$31,'Quick Setup'!$H34,if(FZ5='Quick Setup'!$I$31,'Quick Setup'!$I34,if(FZ5='Quick Setup'!$J$31,'Quick Setup'!$J34,if(FZ5='Quick Setup'!$K$31,'Quick Setup'!$K34,if(FZ5='Quick Setup'!$L$31,'Quick Setup'!$L34,if(FZ5='Quick Setup'!$M$31,'Quick Setup'!$M34,if(FZ5='Quick Setup'!$N$31,'Quick Setup'!$N34,if(FZ5='Quick Setup'!$O$31,'Quick Setup'!$O34,if(FZ5='Quick Setup'!$P$31,'Quick Setup'!$P34,if(FZ5='Quick Setup'!$Q$31,'Quick Setup'!$Q34,if(FZ5='Quick Setup'!$R$31,'Quick Setup'!$R34,if(FZ5='Quick Setup'!$S$31,'Quick Setup'!$S34,if(FZ5='Quick Setup'!$T$31,'Quick Setup'!$T34,if(FZ5='Quick Setup'!$U$31,'Quick Setup'!$U34,if(FZ5='Quick Setup'!$V$31,'Quick Setup'!$V34,'Quick Setup'!$W34)))))))))))))))))))) -> 2 | GB5: =if(FZ5='Quick Setup'!$C$45,'Quick Setup'!$C48,if(FZ5='Quick Setup'!$D$45,'Quick Setup'!$D48,if(FZ5='Quick Setup'!$E$45,'Quick Setup'!$E48,if(FZ5='Quick Setup'!$F$45,'Quick Setup'!$F48,if(FZ5='Quick Setup'!$G$45,'Quick Setup'!$G48,if(FZ5='Quick Setup'!$H$45,'Quick Setup'!$H48,if(FZ5='Quick Setup'!$I$45,'Quick Setup'!$I48,if(FZ5='Quick Setup'!$J$45,'Quick Setup'!$J48,if(FZ5='Quick Setup'!$K$45,'Quick Setup'!$K48,if(FZ5='Quick Setup'!$L$45,'Quick Setup'!$L48,if(FZ5='Quick Setup'!$M$45,'Quick Setup'!$M48,if(FZ5='Quick Setup'!$N$45,'Quick Setup'!$N48,if(FZ5='Quick Setup'!$O$45,'Quick Setup'!$O48,if(FZ5='Quick Setup'!$P$45,'Quick Setup'!$P48,if(FZ5='Quick Setup'!$Q$45,'Quick Setup'!$Q48,if(FZ5='Quick Setup'!$R$45,'Quick Setup'!$R48,if(FZ5='Quick Setup'!$S$45,'Quick Setup'!$S48,if(FZ5='Quick Setup'!$T$45,'Quick Setup'!$T48,if(FZ5='Quick Setup'!$U$45,'Quick Setup'!$U48,if(FZ5='Quick Setup'!$V$45,'Quick Setup'!$V48,'Quick Setup'!$W48)))))))))))))))))))) -> 1 | GC5: =FQ5 -> 5 | GD5: =FR5 -> -0.05 | GE5: =FS5 -> -0.02 | GF5: =FT5 -> 0 | GG5: =FU5 -> 0.005 | GH5: =FV5 -> 0.01 | GI5: =FW5 -> 0.015 | GJ5: =FX5 -> 0.02 | GK5: =FY5 -> 0.03 | GL5: ='Quick Setup'!S62 -> 0.9 | GM5: =if(GL5='Quick Setup'!$C$31,'Quick Setup'!$C34,if(GL5='Quick Setup'!$D$31,'Quick Setup'!$D34,if(GL5='Quick Setup'!$E$31,'Quick Setup'!$E34,if(GL5='Quick Setup'!$F$31,'Quick Setup'!$F34,if(GL5='Quick Setup'!$G$31,'Quick Setup'!$G34,if(GL5='Quick Setup'!$H$31,'Quick Setup'!$H34,if(GL5='Quick Setup'!$I$31,'Quick Setup'!$I34,if(GL5='Quick Setup'!$J$31,'Quick Setup'!$J34,if(GL5='Quick Setup'!$K$31,'Quick Setup'!$K34,if(GL5='Quick Setup'!$L$31,'Quick Setup'!$L34,if(GL5='Quick Setup'!$M$31,'Quick Setup'!$M34,if(GL5='Quick Setup'!$N$31,'Quick Setup'!$N34,if(GL5='Quick Setup'!$O$31,'Quick Setup'!$O34,if(GL5='Quick Setup'!$P$31,'Quick Setup'!$P34,if(GL5='Quick Setup'!$Q$31,'Quick Setup'!$Q34,if(GL5='Quick Setup'!$R$31,'Quick Setup'!$R34,if(GL5='Quick Setup'!$S$31,'Quick Setup'!$S34,if(GL5='Quick Setup'!$T$31,'Quick Setup'!$T34,if(GL5='Quick Setup'!$U$31,'Quick Setup'!$U34,if(GL5='Quick Setup'!$V$31,'Quick Setup'!$V34,'Quick Setup'!$W34)))))))))))))))))))) -> 1 | GN5: =if(GL5='Quick Setup'!$C$45,'Quick Setup'!$C48,if(GL5='Quick Setup'!$D$45,'Quick Setup'!$D48,if(GL5='Quick Setup'!$E$45,'Quick Setup'!$E48,if(GL5='Quick Setup'!$F$45,'Quick Setup'!$F48,if(GL5='Quick Setup'!$G$45,'Quick Setup'!$G48,if(GL5='Quick Setup'!$H$45,'Quick Setup'!$H48,if(GL5='Quick Setup'!$I$45,'Quick Setup'!$I48,if(GL5='Quick Setup'!$J$45,'Quick Setup'!$J48,if(GL5='Quick Setup'!$K$45,'Quick Setup'!$K48,if(GL5='Quick Setup'!$L$45,'Quick Setup'!$L48,if(GL5='Quick Setup'!$M$45,'Quick Setup'!$M48,if(GL5='Quick Setup'!$N$45,'Quick Setup'!$N48,if(GL5='Quick Setup'!$O$45,'Quick Setup'!$O48,if(GL5='Quick Setup'!$P$45,'Quick Setup'!$P48,if(GL5='Quick Setup'!$Q$45,'Quick Setup'!$Q48,if(GL5='Quick Setup'!$R$45,'Quick Setup'!$R48,if(GL5='Quick Setup'!$S$45,'Quick Setup'!$S48,if(GL5='Quick Setup'!$T$45,'Quick Setup'!$T48,if(GL5='Quick Setup'!$U$45,'Quick Setup'!$U48,if(GL5='Quick Setup'!$V$45,'Quick Setup'!$V48,'Quick Setup'!$W48)))))))))))))))))))) -> 1 | GO5: =GC5 -> 5 | GP5: =GD5 -> -0.05 | GQ5: =GE5 -> -0.02 | GR5: =GF5 -> 0 | GS5: =GG5 -> 0.005 | GT5: =GH5 -> 0.01 | GU5: =GI5 -> 0.015 | GV5: =GJ5 -> 0.02 | GW5: =GK5 -> 0.03 | GX5: ='Quick Setup'!T62 -> 0.85 | GY5: =if(GX5='Quick Setup'!$C$31,'Quick Setup'!$C34,if(GX5='Quick Setup'!$D$31,'Quick Setup'!$D34,if(GX5='Quick Setup'!$E$31,'Quick Setup'!$E34,if(GX5='Quick Setup'!$F$31,'Quick Setup'!$F34,if(GX5='Quick Setup'!$G$31,'Quick Setup'!$G34,if(GX5='Quick Setup'!$H$31,'Quick Setup'!$H34,if(GX5='Quick Setup'!$I$31,'Quick Setup'!$I34,if(GX5='Quick Setup'!$J$31,'Quick Setup'!$J34,if(GX5='Quick Setup'!$K$31,'Quick Setup'!$K34,if(GX5='Quick Setup'!$L$31,'Quick Setup'!$L34,if(GX5='Quick Setup'!$M$31,'Quick Setup'!$M34,if(GX5='Quick Setup'!$N$31,'Quick Setup'!$N34,if(GX5='Quick Setup'!$O$31,'Quick Setup'!$O34,if(GX5='Quick Setup'!$P$31,'Quick Setup'!$P34,if(GX5='Quick Setup'!$Q$31,'Quick Setup'!$Q34,if(GX5='Quick Setup'!$R$31,'Quick Setup'!$R34,if(GX5='Quick Setup'!$S$31,'Quick Setup'!$S34,if(GX5='Quick Setup'!$T$31,'Quick Setup'!$T34,if(GX5='Quick Setup'!$U$31,'Quick Setup'!$U34,if(GX5='Quick Setup'!$V$31,'Quick Setup'!$V34,'Quick Setup'!$W34)))))))))))))))))))) -> 2 | GZ5: =if(GX5='Quick Setup'!$C$45,'Quick Setup'!$C48,if(GX5='Quick Setup'!$D$45,'Quick Setup'!$D48,if(GX5='Quick Setup'!$E$45,'Quick Setup'!$E48,if(GX5='Quick Setup'!$F$45,'Quick Setup'!$F48,if(GX5='Quick Setup'!$G$45,'Quick Setup'!$G48,if(GX5='Quick Setup'!$H$45,'Quick Setup'!$H48,if(GX5='Quick Setup'!$I$45,'Quick Setup'!$I48,if(GX5='Quick Setup'!$J$45,'Quick Setup'!$J48,if(GX5='Quick Setup'!$K$45,'Quick Setup'!$K48,if(GX5='Quick Setup'!$L$45,'Quick Setup'!$L48,if(GX5='Quick Setup'!$M$45,'Quick Setup'!$M48,if(GX5='Quick Setup'!$N$45,'Quick Setup'!$N48,if(GX5='Quick Setup'!$O$45,'Quick Setup'!$O48,if(GX5='Quick Setup'!$P$45,'Quick Setup'!$P48,if(GX5='Quick Setup'!$Q$45,'Quick Setup'!$Q48,if(GX5='Quick Setup'!$R$45,'Quick Setup'!$R48,if(GX5='Quick Setup'!$S$45,'Quick Setup'!$S48,if(GX5='Quick Setup'!$T$45,'Quick Setup'!$T48,if(GX5='Quick Setup'!$U$45,'Quick Setup'!$U48,if(GX5='Quick Setup'!$V$45,'Quick Setup'!$V48,'Quick Setup'!$W48)))))))))))))))))))) -> 1 | HA5: =GO5 -> 5 | HB5: =GP5 -> -0.05 | HC5: =GQ5 -> -0.02 | HD5: =GR5 -> 0 | HE5: =GS5 -> 0.005 | HF5: =GT5 -> 0.01 | HG5: =GU5 -> 0.015 | HH5: =GV5 -> 0.02 | HI5: =GW5 -> 0.03 | HJ5: ='Quick Setup'!U62 -> 0.9 | HK5: =if(HJ5='Quick Setup'!$C$31,'Quick Setup'!$C34,if(HJ5='Quick Setup'!$D$31,'Quick Setup'!$D34,if(HJ5='Quick Setup'!$E$31,'Quick Setup'!$E34,if(HJ5='Quick Setup'!$F$31,'Quick Setup'!$F34,if(HJ5='Quick Setup'!$G$31,'Quick Setup'!$G34,if(HJ5='Quick Setup'!$H$31,'Quick Setup'!$H34,if(HJ5='Quick Setup'!$I$31,'Quick Setup'!$I34,if(HJ5='Quick Setup'!$J$31,'Quick Setup'!$J34,if(HJ5='Quick Setup'!$K$31,'Quick Setup'!$K34,if(HJ5='Quick Setup'!$L$31,'Quick Setup'!$L34,if(HJ5='Quick Setup'!$M$31,'Quick Setup'!$M34,if(HJ5='Quick Setup'!$N$31,'Quick Setup'!$N34,if(HJ5='Quick Setup'!$O$31,'Quick Setup'!$O34,if(HJ5='Quick Setup'!$P$31,'Quick Setup'!$P34,if(HJ5='Quick Setup'!$Q$31,'Quick Setup'!$Q34,if(HJ5='Quick Setup'!$R$31,'Quick Setup'!$R34,if(HJ5='Quick Setup'!$S$31,'Quick Setup'!$S34,if(HJ5='Quick Setup'!$T$31,'Quick Setup'!$T34,if(HJ5='Quick Setup'!$U$31,'Quick Setup'!$U34,if(HJ5='Quick Setup'!$V$31,'Quick Setup'!$V34,'Quick Setup'!$W34)))))))))))))))))))) -> 1 | HL5: =if(HJ5='Quick Setup'!$C$45,'Quick Setup'!$C48,if(HJ5='Quick Setup'!$D$45,'Quick Setup'!$D48,if(HJ5='Quick Setup'!$E$45,'Quick Setup'!$E48,if(HJ5='Quick Setup'!$F$45,'Quick Setup'!$F48,if(HJ5='Quick Setup'!$G$45,'Quick Setup'!$G48,if(HJ5='Quick Setup'!$H$45,'Quick Setup'!$H48,if(HJ5='Quick Setup'!$I$45,'Quick Setup'!$I48,if(HJ5='Quick Setup'!$J$45,'Quick Setup'!$J48,if(HJ5='Quick Setup'!$K$45,'Quick Setup'!$K48,if(HJ5='Quick Setup'!$L$45,'Quick Setup'!$L48,if(HJ5='Quick Setup'!$M$45,'Quick Setup'!$M48,if(HJ5='Quick Setup'!$N$45,'Quick Setup'!$N48,if(HJ5='Quick Setup'!$O$45,'Quick Setup'!$O48,if(HJ5='Quick Setup'!$P$45,'Quick Setup'!$P48,if(HJ5='Quick Setup'!$Q$45,'Quick Setup'!$Q48,if(HJ5='Quick Setup'!$R$45,'Quick Setup'!$R48,if(HJ5='Quick Setup'!$S$45,'Quick Setup'!$S48,if(HJ5='Quick Setup'!$T$45,'Quick Setup'!$T48,if(HJ5='Quick Setup'!$U$45,'Quick Setup'!$U48,if(HJ5='Quick Setup'!$V$45,'Quick Setup'!$V48,'Quick Setup'!$W48)))))))))))))))))))) -> 1 | HM5: =HA5 -> 5 | HN5: =HB5 -> -0.05 | HO5: =HC5 -> -0.02 | HP5: =HD5 -> 0 | HQ5: =HE5 -> 0.005 | HR5: =HF5 -> 0.01 | HS5: =HG5 -> 0.015 | HT5: =HH5 -> 0.02 | HU5: =HI5 -> 0.03 | HV5: ='Quick Setup'!V62 -> 0.95 | HW5: =if(HV5='Quick Setup'!$C$31,'Quick Setup'!$C34,if(HV5='Quick Setup'!$D$31,'Quick Setup'!$D34,if(HV5='Quick Setup'!$E$31,'Quick Setup'!$E34,if(HV5='Quick Setup'!$F$31,'Quick Setup'!$F34,if(HV5='Quick Setup'!$G$31,'Quick Setup'!$G34,if(HV5='Quick Setup'!$H$31,'Quick Setup'!$H34,if(HV5='Quick Setup'!$I$31,'Quick Setup'!$I34,if(HV5='Quick Setup'!$J$31,'Quick Setup'!$J34,if(HV5='Quick Setup'!$K$31,'Quick Setup'!$K34,if(HV5='Quick Setup'!$L$31,'Quick Setup'!$L34,if(HV5='Quick Setup'!$M$31,'Quick Setup'!$M34,if(HV5='Quick Setup'!$N$31,'Quick Setup'!$N34,if(HV5='Quick Setup'!$O$31,'Quick Setup'!$O34,if(HV5='Quick Setup'!$P$31,'Quick Setup'!$P34,if(HV5='Quick Setup'!$Q$31,'Quick Setup'!$Q34,if(HV5='Quick Setup'!$R$31,'Quick Setup'!$R34,if(HV5='Quick Setup'!$S$31,'Quick Setup'!$S34,if(HV5='Quick Setup'!$T$31,'Quick Setup'!$T34,if(HV5='Quick Setup'!$U$31,'Quick Setup'!$U34,if(HV5='Quick Setup'!$V$31,'Quick Setup'!$V34,'Quick Setup'!$W34)))))))))))))))))))) -> 1 | HX5: =if(HV5='Quick Setup'!$C$45,'Quick Setup'!$C48,if(HV5='Quick Setup'!$D$45,'Quick Setup'!$D48,if(HV5='Quick Setup'!$E$45,'Quick Setup'!$E48,if(HV5='Quick Setup'!$F$45,'Quick Setup'!$F48,if(HV5='Quick Setup'!$G$45,'Quick Setup'!$G48,if(HV5='Quick Setup'!$H$45,'Quick Setup'!$H48,if(HV5='Quick Setup'!$I$45,'Quick Setup'!$I48,if(HV5='Quick Setup'!$J$45,'Quick Setup'!$J48,if(HV5='Quick Setup'!$K$45,'Quick Setup'!$K48,if(HV5='Quick Setup'!$L$45,'Quick Setup'!$L48,if(HV5='Quick Setup'!$M$45,'Quick Setup'!$M48,if(HV5='Quick Setup'!$N$45,'Quick Setup'!$N48,if(HV5='Quick Setup'!$O$45,'Quick Setup'!$O48,if(HV5='Quick Setup'!$P$45,'Quick Setup'!$P48,if(HV5='Quick Setup'!$Q$45,'Quick Setup'!$Q48,if(HV5='Quick Setup'!$R$45,'Quick Setup'!$R48,if(HV5='Quick Setup'!$S$45,'Quick Setup'!$S48,if(HV5='Quick Setup'!$T$45,'Quick Setup'!$T48,if(HV5='Quick Setup'!$U$45,'Quick Setup'!$U48,if(HV5='Quick Setup'!$V$45,'Quick Setup'!$V48,'Quick Setup'!$W48)))))))))))))))))))) -> 1 | HY5: =HM5 -> 5 | HZ5: =HN5 -> -0.05 | IA5: =HO5 -> -0.02 | IB5: =HP5 -> 0 | IC5: =HQ5 -> 0.005 | ID5: =HR5 -> 0.01 | IE5: =HS5 -> 0.015 | IF5: =HT5 -> 0.02 | IG5: =HU5 -> 0.03 | IH5: ='Quick Setup'!W62 -> 0.6 | II5: =if(IH5='Quick Setup'!$C$31,'Quick Setup'!$C34,if(IH5='Quick Setup'!$D$31,'Quick Setup'!$D34,if(IH5='Quick Setup'!$E$31,'Quick Setup'!$E34,if(IH5='Quick Setup'!$F$31,'Quick Setup'!$F34,if(IH5='Quick Setup'!$G$31,'Quick Setup'!$G34,if(IH5='Quick Setup'!$H$31,'Quick Setup'!$H34,if(IH5='Quick Setup'!$I$31,'Quick Setup'!$I34,if(IH5='Quick Setup'!$J$31,'Quick Setup'!$J34,if(IH5='Quick Setup'!$K$31,'Quick Setup'!$K34,if(IH5='Quick Setup'!$L$31,'Quick Setup'!$L34,if(IH5='Quick Setup'!$M$31,'Quick Setup'!$M34,if(IH5='Quick Setup'!$N$31,'Quick Setup'!$N34,if(IH5='Quick Setup'!$O$31,'Quick Setup'!$O34,if(IH5='Quick Setup'!$P$31,'Quick Setup'!$P34,if(IH5='Quick Setup'!$Q$31,'Quick Setup'!$Q34,if(IH5='Quick Setup'!$R$31,'Quick Setup'!$R34,if(IH5='Quick Setup'!$S$31,'Quick Setup'!$S34,if(IH5='Quick Setup'!$T$31,'Quick Setup'!$T34,if(IH5='Quick Setup'!$U$31,'Quick Setup'!$U34,if(IH5='Quick Setup'!$V$31,'Quick Setup'!$V34,'Quick Setup'!$W34)))))))))))))))))))) -> 7 | IJ5: =if(IH5='Quick Setup'!$C$45,'Quick Setup'!$C48,if(IH5='Quick Setup'!$D$45,'Quick Setup'!$D48,if(IH5='Quick Setup'!$E$45,'Quick Setup'!$E48,if(IH5='Quick Setup'!$F$45,'Quick Setup'!$F48,if(IH5='Quick Setup'!$G$45,'Quick Setup'!$G48,if(IH5='Quick Setup'!$H$45,'Quick Setup'!$H48,if(IH5='Quick Setup'!$I$45,'Quick Setup'!$I48,if(IH5='Quick Setup'!$J$45,'Quick Setup'!$J48,if(IH5='Quick Setup'!$K$45,'Quick Setup'!$K48,if(IH5='Quick Setup'!$L$45,'Quick Setup'!$L48,if(IH5='Quick Setup'!$M$45,'Quick Setup'!$M48,if(IH5='Quick Setup'!$N$45,'Quick Setup'!$N48,if(IH5='Quick Setup'!$O$45,'Quick Setup'!$O48,if(IH5='Quick Setup'!$P$45,'Quick Setup'!$P48,if(IH5='Quick Setup'!$Q$45,'Quick Setup'!$Q48,if(IH5='Quick Setup'!$R$45,'Quick Setup'!$R48,if(IH5='Quick Setup'!$S$45,'Quick Setup'!$S48,if(IH5='Quick Setup'!$T$45,'Quick Setup'!$T48,if(IH5='Quick Setup'!$U$45,'Quick Setup'!$U48,if(IH5='Quick Setup'!$V$45,'Quick Setup'!$V48,'Quick Setup'!$W48)))))))))))))))))))) -> 3 | IK5: =HY5 -> 5 | IL5: =HZ5 -> -0.05 | IM5: =IA5 -> -0.02 | IN5: =IB5 -> 0 | IO5: =IC5 -> 0.005 | IP5: =ID5 -> 0.01 | IQ5: =IE5 -> 0.015 | IR5: =IF5 -> 0.02 | IS5: =IG5 -> 0.03
A6: ='Quick Setup'!C8 -> OHP | B6: ='Quick Setup'!C63 -> 0.7 | C6: =if(B6='Quick Setup'!$C$31,'Quick Setup'!$C35,if(B6='Quick Setup'!$D$31,'Quick Setup'!$D35,if(B6='Quick Setup'!$E$31,'Quick Setup'!$E35,if(B6='Quick Setup'!$F$31,'Quick Setup'!$F35,if(B6='Quick Setup'!$G$31,'Quick Setup'!$G35,if(B6='Quick Setup'!$H$31,'Quick Setup'!$H35,if(B6='Quick Setup'!$I$31,'Quick Setup'!$I35,if(B6='Quick Setup'!$J$31,'Quick Setup'!$J35,if(B6='Quick Setup'!$K$31,'Quick Setup'!$K35,if(B6='Quick Setup'!$L$31,'Quick Setup'!$L35,if(B6='Quick Setup'!$M$31,'Quick Setup'!$M35,if(B6='Quick Setup'!$N$31,'Quick Setup'!$N35,if(B6='Quick Setup'!$O$31,'Quick Setup'!$O35,if(B6='Quick Setup'!$P$31,'Quick Setup'!$P35,if(B6='Quick Setup'!$Q$31,'Quick Setup'!$Q35,if(B6='Quick Setup'!$R$31,'Quick Setup'!$R35,if(B6='Quick Setup'!$S$31,'Quick Setup'!$S35,if(B6='Quick Setup'!$T$31,'Quick Setup'!$T35,if(B6='Quick Setup'!$U$31,'Quick Setup'!$U35,if(B6='Quick Setup'!$V$31,'Quick Setup'!$V35,'Quick Setup'!$W35)))))))))))))))))))) -> 5 | D6: =if(B6='Quick Setup'!$C$45,'Quick Setup'!$C49,if(B6='Quick Setup'!$D$45,'Quick Setup'!$D49,if(B6='Quick Setup'!$E$45,'Quick Setup'!$E49,if(B6='Quick Setup'!$F$45,'Quick Setup'!$F49,if(B6='Quick Setup'!$G$45,'Quick Setup'!$G49,if(B6='Quick Setup'!$H$45,'Quick Setup'!$H49,if(B6='Quick Setup'!$I$45,'Quick Setup'!$I49,if(B6='Quick Setup'!$J$45,'Quick Setup'!$J49,if(B6='Quick Setup'!$K$45,'Quick Setup'!$K49,if(B6='Quick Setup'!$L$45,'Quick Setup'!$L49,if(B6='Quick Setup'!$M$45,'Quick Setup'!$M49,if(B6='Quick Setup'!$N$45,'Quick Setup'!$N49,if(B6='Quick Setup'!$O$45,'Quick Setup'!$O49,if(B6='Quick Setup'!$P$45,'Quick Setup'!$P49,if(B6='Quick Setup'!$Q$45,'Quick Setup'!$Q49,if(B6='Quick Setup'!$R$45,'Quick Setup'!$R49,if(B6='Quick Setup'!$S$45,'Quick Setup'!$S49,if(B6='Quick Setup'!$T$45,'Quick Setup'!$T49,if(B6='Quick Setup'!$U$45,'Quick Setup'!$U49,if(B6='Quick Setup'!$V$45,'Quick Setup'!$V49,'Quick Setup'!$W49)))))))))))))))))))) -> 3 | E6: ='Quick Setup'!H9 -> 5 | F6: ='Quick Setup'!I9 -> -0.05 | G6: ='Quick Setup'!J9 -> -0.02 | H6: ='Quick Setup'!K9 -> 0 | I6: ='Quick Setup'!L9 -> 0.005 | J6: ='Quick Setup'!M9 -> 0.01 | K6: ='Quick Setup'!N9 -> 0.015 | L6: ='Quick Setup'!O9 -> 0.02 | M6: ='Quick Setup'!P9 -> 0.03 | N6: ='Quick Setup'!D63 -> 0.75 | O6: =if(N6='Quick Setup'!$C$31,'Quick Setup'!$C35,if(N6='Quick Setup'!$D$31,'Quick Setup'!$D35,if(N6='Quick Setup'!$E$31,'Quick Setup'!$E35,if(N6='Quick Setup'!$F$31,'Quick Setup'!$F35,if(N6='Quick Setup'!$G$31,'Quick Setup'!$G35,if(N6='Quick Setup'!$H$31,'Quick Setup'!$H35,if(N6='Quick Setup'!$I$31,'Quick Setup'!$I35,if(N6='Quick Setup'!$J$31,'Quick Setup'!$J35,if(N6='Quick Setup'!$K$31,'Quick Setup'!$K35,if(N6='Quick Setup'!$L$31,'Quick Setup'!$L35,if(N6='Quick Setup'!$M$31,'Quick Setup'!$M35,if(N6='Quick Setup'!$N$31,'Quick Setup'!$N35,if(N6='Quick Setup'!$O$31,'Quick Setup'!$O35,if(N6='Quick Setup'!$P$31,'Quick Setup'!$P35,if(N6='Quick Setup'!$Q$31,'Quick Setup'!$Q35,if(N6='Quick Setup'!$R$31,'Quick Setup'!$R35,if(N6='Quick Setup'!$S$31,'Quick Setup'!$S35,if(N6='Quick Setup'!$T$31,'Quick Setup'!$T35,if(N6='Quick Setup'!$U$31,'Quick Setup'!$U35,if(N6='Quick Setup'!$V$31,'Quick Setup'!$V35,'Quick Setup'!$W35)))))))))))))))))))) -> 4 | P6: =if(N6='Quick Setup'!$C$45,'Quick Setup'!$C49,if(N6='Quick Setup'!$D$45,'Quick Setup'!$D49,if(N6='Quick Setup'!$E$45,'Quick Setup'!$E49,if(N6='Quick Setup'!$F$45,'Quick Setup'!$F49,if(N6='Quick Setup'!$G$45,'Quick Setup'!$G49,if(N6='Quick Setup'!$H$45,'Quick Setup'!$H49,if(N6='Quick Setup'!$I$45,'Quick Setup'!$I49,if(N6='Quick Setup'!$J$45,'Quick Setup'!$J49,if(N6='Quick Setup'!$K$45,'Quick Setup'!$K49,if(N6='Quick Setup'!$L$45,'Quick Setup'!$L49,if(N6='Quick Setup'!$M$45,'Quick Setup'!$M49,if(N6='Quick Setup'!$N$45,'Quick Setup'!$N49,if(N6='Quick Setup'!$O$45,'Quick Setup'!$O49,if(N6='Quick Setup'!$P$45,'Quick Setup'!$P49,if(N6='Quick Setup'!$Q$45,'Quick Setup'!$Q49,if(N6='Quick Setup'!$R$45,'Quick Setup'!$R49,if(N6='Quick Setup'!$S$45,'Quick Setup'!$S49,if(N6='Quick Setup'!$T$45,'Quick Setup'!$T49,if(N6='Quick Setup'!$U$45,'Quick Setup'!$U49,if(N6='Quick Setup'!$V$45,'Quick Setup'!$V49,'Quick Setup'!$W49)))))))))))))))))))) -> 2 | Q6: =E6 -> 5 | R6: =F6 -> -0.05 | S6: =G6 -> -0.02 | T6: =H6 -> 0 | U6: =I6 -> 0.005 | V6: =J6 -> 0.01 | W6: =K6 -> 0.015 | X6: =L6 -> 0.02 | Y6: =M6 -> 0.03 | Z6: ='Quick Setup'!E63 -> 0.8 | AA6: =if(Z6='Quick Setup'!$C$31,'Quick Setup'!$C35,if(Z6='Quick Setup'!$D$31,'Quick Setup'!$D35,if(Z6='Quick Setup'!$E$31,'Quick Setup'!$E35,if(Z6='Quick Setup'!$F$31,'Quick Setup'!$F35,if(Z6='Quick Setup'!$G$31,'Quick Setup'!$G35,if(Z6='Quick Setup'!$H$31,'Quick Setup'!$H35,if(Z6='Quick Setup'!$I$31,'Quick Setup'!$I35,if(Z6='Quick Setup'!$J$31,'Quick Setup'!$J35,if(Z6='Quick Setup'!$K$31,'Quick Setup'!$K35,if(Z6='Quick Setup'!$L$31,'Quick Setup'!$L35,if(Z6='Quick Setup'!$M$31,'Quick Setup'!$M35,if(Z6='Quick Setup'!$N$31,'Quick Setup'!$N35,if(Z6='Quick Setup'!$O$31,'Quick Setup'!$O35,if(Z6='Quick Setup'!$P$31,'Quick Setup'!$P35,if(Z6='Quick Setup'!$Q$31,'Quick Setup'!$Q35,if(Z6='Quick Setup'!$R$31,'Quick Setup'!$R35,if(Z6='Quick Setup'!$S$31,'Quick Setup'!$S35,if(Z6='Quick Setup'!$T$31,'Quick Setup'!$T35,if(Z6='Quick Setup'!$U$31,'Quick Setup'!$U35,if(Z6='Quick Setup'!$V$31,'Quick Setup'!$V35,'Quick Setup'!$W35)))))))))))))))))))) -> 3 | AB6: =if(Z6='Quick Setup'!$C$45,'Quick Setup'!$C49,if(Z6='Quick Setup'!$D$45,'Quick Setup'!$D49,if(Z6='Quick Setup'!$E$45,'Quick Setup'!$E49,if(Z6='Quick Setup'!$F$45,'Quick Setup'!$F49,if(Z6='Quick Setup'!$G$45,'Quick Setup'!$G49,if(Z6='Quick Setup'!$H$45,'Quick Setup'!$H49,if(Z6='Quick Setup'!$I$45,'Quick Setup'!$I49,if(Z6='Quick Setup'!$J$45,'Quick Setup'!$J49,if(Z6='Quick Setup'!$K$45,'Quick Setup'!$K49,if(Z6='Quick Setup'!$L$45,'Quick Setup'!$L49,if(Z6='Quick Setup'!$M$45,'Quick Setup'!$M49,if(Z6='Quick Setup'!$N$45,'Quick Setup'!$N49,if(Z6='Quick Setup'!$O$45,'Quick Setup'!$O49,if(Z6='Quick Setup'!$P$45,'Quick Setup'!$P49,if(Z6='Quick Setup'!$Q$45,'Quick Setup'!$Q49,if(Z6='Quick Setup'!$R$45,'Quick Setup'!$R49,if(Z6='Quick Setup'!$S$45,'Quick Setup'!$S49,if(Z6='Quick Setup'!$T$45,'Quick Setup'!$T49,if(Z6='Quick Setup'!$U$45,'Quick Setup'!$U49,if(Z6='Quick Setup'!$V$45,'Quick Setup'!$V49,'Quick Setup'!$W49)))))))))))))))))))) -> 2 | AC6: =Q6 -> 5 | AD6: =R6 -> -0.05 | AE6: =S6 -> -0.02 | AF6: =T6 -> 0 | AG6: =U6 -> 0.005 | AH6: =V6 -> 0.01 | AI6: =W6 -> 0.015 | AJ6: =X6 -> 0.02 | AK6: =Y6 -> 0.03 | AL6: ='Quick Setup'!F63 -> 0.725 | AM6: =if(AL6='Quick Setup'!$C$31,'Quick Setup'!$C35,if(AL6='Quick Setup'!$D$31,'Quick Setup'!$D35,if(AL6='Quick Setup'!$E$31,'Quick Setup'!$E35,if(AL6='Quick Setup'!$F$31,'Quick Setup'!$F35,if(AL6='Quick Setup'!$G$31,'Quick Setup'!$G35,if(AL6='Quick Setup'!$H$31,'Quick Setup'!$H35,if(AL6='Quick Setup'!$I$31,'Quick Setup'!$I35,if(AL6='Quick Setup'!$J$31,'Quick Setup'!$J35,if(AL6='Quick Setup'!$K$31,'Quick Setup'!$K35,if(AL6='Quick Setup'!$L$31,'Quick Setup'!$L35,if(AL6='Quick Setup'!$M$31,'Quick Setup'!$M35,if(AL6='Quick Setup'!$N$31,'Quick Setup'!$N35,if(AL6='Quick Setup'!$O$31,'Quick Setup'!$O35,if(AL6='Quick Setup'!$P$31,'Quick Setup'!$P35,if(AL6='Quick Setup'!$Q$31,'Quick Setup'!$Q35,if(AL6='Quick Setup'!$R$31,'Quick Setup'!$R35,if(AL6='Quick Setup'!$S$31,'Quick Setup'!$S35,if(AL6='Quick Setup'!$T$31,'Quick Setup'!$T35,if(AL6='Quick Setup'!$U$31,'Quick Setup'!$U35,if(AL6='Quick Setup'!$V$31,'Quick Setup'!$V35,'Quick Setup'!$W35)))))))))))))))))))) -> 5 | AN6: =if(AL6='Quick Setup'!$C$45,'Quick Setup'!$C49,if(AL6='Quick Setup'!$D$45,'Quick Setup'!$D49,if(AL6='Quick Setup'!$E$45,'Quick Setup'!$E49,if(AL6='Quick Setup'!$F$45,'Quick Setup'!$F49,if(AL6='Quick Setup'!$G$45,'Quick Setup'!$G49,if(AL6='Quick Setup'!$H$45,'Quick Setup'!$H49,if(AL6='Quick Setup'!$I$45,'Quick Setup'!$I49,if(AL6='Quick Setup'!$J$45,'Quick Setup'!$J49,if(AL6='Quick Setup'!$K$45,'Quick Setup'!$K49,if(AL6='Quick Setup'!$L$45,'Quick Setup'!$L49,if(AL6='Quick Setup'!$M$45,'Quick Setup'!$M49,if(AL6='Quick Setup'!$N$45,'Quick Setup'!$N49,if(AL6='Quick Setup'!$O$45,'Quick Setup'!$O49,if(AL6='Quick Setup'!$P$45,'Quick Setup'!$P49,if(AL6='Quick Setup'!$Q$45,'Quick Setup'!$Q49,if(AL6='Quick Setup'!$R$45,'Quick Setup'!$R49,if(AL6='Quick Setup'!$S$45,'Quick Setup'!$S49,if(AL6='Quick Setup'!$T$45,'Quick Setup'!$T49,if(AL6='Quick Setup'!$U$45,'Quick Setup'!$U49,if(AL6='Quick Setup'!$V$45,'Quick Setup'!$V49,'Quick Setup'!$W49)))))))))))))))))))) -> 3 | AO6: =AC6 -> 5 | AP6: =AD6 -> -0.05 | AQ6: =AE6 -> -0.02 | AR6: =AF6 -> 0 | AS6: =AG6 -> 0.005 | AT6: =AH6 -> 0.01 | AU6: =AI6 -> 0.015 | AV6: =AJ6 -> 0.02 | AW6: =AK6 -> 0.03 | AX6: ='Quick Setup'!G63 -> 0.775 | AY6: =if(AX6='Quick Setup'!$C$31,'Quick Setup'!$C35,if(AX6='Quick Setup'!$D$31,'Quick Setup'!$D35,if(AX6='Quick Setup'!$E$31,'Quick Setup'!$E35,if(AX6='Quick Setup'!$F$31,'Quick Setup'!$F35,if(AX6='Quick Setup'!$G$31,'Quick Setup'!$G35,if(AX6='Quick Setup'!$H$31,'Quick Setup'!$H35,if(AX6='Quick Setup'!$I$31,'Quick Setup'!$I35,if(AX6='Quick Setup'!$J$31,'Quick Setup'!$J35,if(AX6='Quick Setup'!$K$31,'Quick Setup'!$K35,if(AX6='Quick Setup'!$L$31,'Quick Setup'!$L35,if(AX6='Quick Setup'!$M$31,'Quick Setup'!$M35,if(AX6='Quick Setup'!$N$31,'Quick Setup'!$N35,if(AX6='Quick Setup'!$O$31,'Quick Setup'!$O35,if(AX6='Quick Setup'!$P$31,'Quick Setup'!$P35,if(AX6='Quick Setup'!$Q$31,'Quick Setup'!$Q35,if(AX6='Quick Setup'!$R$31,'Quick Setup'!$R35,if(AX6='Quick Setup'!$S$31,'Quick Setup'!$S35,if(AX6='Quick Setup'!$T$31,'Quick Setup'!$T35,if(AX6='Quick Setup'!$U$31,'Quick Setup'!$U35,if(AX6='Quick Setup'!$V$31,'Quick Setup'!$V35,'Quick Setup'!$W35)))))))))))))))))))) -> 4 | AZ6: =if(AX6='Quick Setup'!$C$45,'Quick Setup'!$C49,if(AX6='Quick Setup'!$D$45,'Quick Setup'!$D49,if(AX6='Quick Setup'!$E$45,'Quick Setup'!$E49,if(AX6='Quick Setup'!$F$45,'Quick Setup'!$F49,if(AX6='Quick Setup'!$G$45,'Quick Setup'!$G49,if(AX6='Quick Setup'!$H$45,'Quick Setup'!$H49,if(AX6='Quick Setup'!$I$45,'Quick Setup'!$I49,if(AX6='Quick Setup'!$J$45,'Quick Setup'!$J49,if(AX6='Quick Setup'!$K$45,'Quick Setup'!$K49,if(AX6='Quick Setup'!$L$45,'Quick Setup'!$L49,if(AX6='Quick Setup'!$M$45,'Quick Setup'!$M49,if(AX6='Quick Setup'!$N$45,'Quick Setup'!$N49,if(AX6='Quick Setup'!$O$45,'Quick Setup'!$O49,if(AX6='Quick Setup'!$P$45,'Quick Setup'!$P49,if(AX6='Quick Setup'!$Q$45,'Quick Setup'!$Q49,if(AX6='Quick Setup'!$R$45,'Quick Setup'!$R49,if(AX6='Quick Setup'!$S$45,'Quick Setup'!$S49,if(AX6='Quick Setup'!$T$45,'Quick Setup'!$T49,if(AX6='Quick Setup'!$U$45,'Quick Setup'!$U49,if(AX6='Quick Setup'!$V$45,'Quick Setup'!$V49,'Quick Setup'!$W49)))))))))))))))))))) -> 2 | BA6: =AO6 -> 5 | BB6: =AP6 -> -0.05 | BC6: =AQ6 -> -0.02 | BD6: =AR6 -> 0 | BE6: =AS6 -> 0.005 | BF6: =AT6 -> 0.01 | BG6: =AU6 -> 0.015 | BH6: =AV6 -> 0.02 | BI6: =AW6 -> 0.03 | BJ6: ='Quick Setup'!H63 -> 0.825 | BK6: =if(BJ6='Quick Setup'!$C$31,'Quick Setup'!$C35,if(BJ6='Quick Setup'!$D$31,'Quick Setup'!$D35,if(BJ6='Quick Setup'!$E$31,'Quick Setup'!$E35,if(BJ6='Quick Setup'!$F$31,'Quick Setup'!$F35,if(BJ6='Quick Setup'!$G$31,'Quick Setup'!$G35,if(BJ6='Quick Setup'!$H$31,'Quick Setup'!$H35,if(BJ6='Quick Setup'!$I$31,'Quick Setup'!$I35,if(BJ6='Quick Setup'!$J$31,'Quick Setup'!$J35,if(BJ6='Quick Setup'!$K$31,'Quick Setup'!$K35,if(BJ6='Quick Setup'!$L$31,'Quick Setup'!$L35,if(BJ6='Quick Setup'!$M$31,'Quick Setup'!$M35,if(BJ6='Quick Setup'!$N$31,'Quick Setup'!$N35,if(BJ6='Quick Setup'!$O$31,'Quick Setup'!$O35,if(BJ6='Quick Setup'!$P$31,'Quick Setup'!$P35,if(BJ6='Quick Setup'!$Q$31,'Quick Setup'!$Q35,if(BJ6='Quick Setup'!$R$31,'Quick Setup'!$R35,if(BJ6='Quick Setup'!$S$31,'Quick Setup'!$S35,if(BJ6='Quick Setup'!$T$31,'Quick Setup'!$T35,if(BJ6='Quick Setup'!$U$31,'Quick Setup'!$U35,if(BJ6='Quick Setup'!$V$31,'Quick Setup'!$V35,'Quick Setup'!$W35)))))))))))))))))))) -> 3 | BL6: =if(BJ6='Quick Setup'!$C$45,'Quick Setup'!$C49,if(BJ6='Quick Setup'!$D$45,'Quick Setup'!$D49,if(BJ6='Quick Setup'!$E$45,'Quick Setup'!$E49,if(BJ6='Quick Setup'!$F$45,'Quick Setup'!$F49,if(BJ6='Quick Setup'!$G$45,'Quick Setup'!$G49,if(BJ6='Quick Setup'!$H$45,'Quick Setup'!$H49,if(BJ6='Quick Setup'!$I$45,'Quick Setup'!$I49,if(BJ6='Quick Setup'!$J$45,'Quick Setup'!$J49,if(BJ6='Quick Setup'!$K$45,'Quick Setup'!$K49,if(BJ6='Quick Setup'!$L$45,'Quick Setup'!$L49,if(BJ6='Quick Setup'!$M$45,'Quick Setup'!$M49,if(BJ6='Quick Setup'!$N$45,'Quick Setup'!$N49,if(BJ6='Quick Setup'!$O$45,'Quick Setup'!$O49,if(BJ6='Quick Setup'!$P$45,'Quick Setup'!$P49,if(BJ6='Quick Setup'!$Q$45,'Quick Setup'!$Q49,if(BJ6='Quick Setup'!$R$45,'Quick Setup'!$R49,if(BJ6='Quick Setup'!$S$45,'Quick Setup'!$S49,if(BJ6='Quick Setup'!$T$45,'Quick Setup'!$T49,if(BJ6='Quick Setup'!$U$45,'Quick Setup'!$U49,if(BJ6='Quick Setup'!$V$45,'Quick Setup'!$V49,'Quick Setup'!$W49)))))))))))))))))))) -> 2 | BM6: =BA6 -> 5 | BN6: =BB6 -> -0.05 | BO6: =BC6 -> -0.02 | BP6: =BD6 -> 0 | BQ6: =BE6 -> 0.005 | BR6: =BF6 -> 0.01 | BS6: =BG6 -> 0.015 | BT6: =BH6 -> 0.02 | BU6: =BI6 -> 0.03 | BV6: ='Quick Setup'!I63 -> 0.6 | BW6: =if(BV6='Quick Setup'!$C$31,'Quick Setup'!$C35,if(BV6='Quick Setup'!$D$31,'Quick Setup'!$D35,if(BV6='Quick Setup'!$E$31,'Quick Setup'!$E35,if(BV6='Quick Setup'!$F$31,'Quick Setup'!$F35,if(BV6='Quick Setup'!$G$31,'Quick Setup'!$G35,if(BV6='Quick Setup'!$H$31,'Quick Setup'!$H35,if(BV6='Quick Setup'!$I$31,'Quick Setup'!$I35,if(BV6='Quick Setup'!$J$31,'Quick Setup'!$J35,if(BV6='Quick Setup'!$K$31,'Quick Setup'!$K35,if(BV6='Quick Setup'!$L$31,'Quick Setup'!$L35,if(BV6='Quick Setup'!$M$31,'Quick Setup'!$M35,if(BV6='Quick Setup'!$N$31,'Quick Setup'!$N35,if(BV6='Quick Setup'!$O$31,'Quick Setup'!$O35,if(BV6='Quick Setup'!$P$31,'Quick Setup'!$P35,if(BV6='Quick Setup'!$Q$31,'Quick Setup'!$Q35,if(BV6='Quick Setup'!$R$31,'Quick Setup'!$R35,if(BV6='Quick Setup'!$S$31,'Quick Setup'!$S35,if(BV6='Quick Setup'!$T$31,'Quick Setup'!$T35,if(BV6='Quick Setup'!$U$31,'Quick Setup'!$U35,if(BV6='Quick Setup'!$V$31,'Quick Setup'!$V35,'Quick Setup'!$W35)))))))))))))))))))) -> 7 | BX6: =if(BV6='Quick Setup'!$C$45,'Quick Setup'!$C49,if(BV6='Quick Setup'!$D$45,'Quick Setup'!$D49,if(BV6='Quick Setup'!$E$45,'Quick Setup'!$E49,if(BV6='Quick Setup'!$F$45,'Quick Setup'!$F49,if(BV6='Quick Setup'!$G$45,'Quick Setup'!$G49,if(BV6='Quick Setup'!$H$45,'Quick Setup'!$H49,if(BV6='Quick Setup'!$I$45,'Quick Setup'!$I49,if(BV6='Quick Setup'!$J$45,'Quick Setup'!$J49,if(BV6='Quick Setup'!$K$45,'Quick Setup'!$K49,if(BV6='Quick Setup'!$L$45,'Quick Setup'!$L49,if(BV6='Quick Setup'!$M$45,'Quick Setup'!$M49,if(BV6='Quick Setup'!$N$45,'Quick Setup'!$N49,if(BV6='Quick Setup'!$O$45,'Quick Setup'!$O49,if(BV6='Quick Setup'!$P$45,'Quick Setup'!$P49,if(BV6='Quick Setup'!$Q$45,'Quick Setup'!$Q49,if(BV6='Quick Setup'!$R$45,'Quick Setup'!$R49,if(BV6='Quick Setup'!$S$45,'Quick Setup'!$S49,if(BV6='Quick Setup'!$T$45,'Quick Setup'!$T49,if(BV6='Quick Setup'!$U$45,'Quick Setup'!$U49,if(BV6='Quick Setup'!$V$45,'Quick Setup'!$V49,'Quick Setup'!$W49)))))))))))))))))))) -> 3 | BY6: =BM6 -> 5 | BZ6: =BN6 -> -0.05 | CA6: =BO6 -> -0.02 | CB6: =BP6 -> 0 | CC6: =BQ6 -> 0.005 | CD6: =BR6 -> 0.01 | CE6: =BS6 -> 0.015 | CF6: =BT6 -> 0.02 | CG6: =BU6 -> 0.03 | CH6: ='Quick Setup'!J63 -> 0.75 | CI6: =if(CH6='Quick Setup'!$C$31,'Quick Setup'!$C35,if(CH6='Quick Setup'!$D$31,'Quick Setup'!$D35,if(CH6='Quick Setup'!$E$31,'Quick Setup'!$E35,if(CH6='Quick Setup'!$F$31,'Quick Setup'!$F35,if(CH6='Quick Setup'!$G$31,'Quick Setup'!$G35,if(CH6='Quick Setup'!$H$31,'Quick Setup'!$H35,if(CH6='Quick Setup'!$I$31,'Quick Setup'!$I35,if(CH6='Quick Setup'!$J$31,'Quick Setup'!$J35,if(CH6='Quick Setup'!$K$31,'Quick Setup'!$K35,if(CH6='Quick Setup'!$L$31,'Quick Setup'!$L35,if(CH6='Quick Setup'!$M$31,'Quick Setup'!$M35,if(CH6='Quick Setup'!$N$31,'Quick Setup'!$N35,if(CH6='Quick Setup'!$O$31,'Quick Setup'!$O35,if(CH6='Quick Setup'!$P$31,'Quick Setup'!$P35,if(CH6='Quick Setup'!$Q$31,'Quick Setup'!$Q35,if(CH6='Quick Setup'!$R$31,'Quick Setup'!$R35,if(CH6='Quick Setup'!$S$31,'Quick Setup'!$S35,if(CH6='Quick Setup'!$T$31,'Quick Setup'!$T35,if(CH6='Quick Setup'!$U$31,'Quick Setup'!$U35,if(CH6='Quick Setup'!$V$31,'Quick Setup'!$V35,'Quick Setup'!$W35)))))))))))))))))))) -> 4 | CJ6: =if(CH6='Quick Setup'!$C$45,'Quick Setup'!$C49,if(CH6='Quick Setup'!$D$45,'Quick Setup'!$D49,if(CH6='Quick Setup'!$E$45,'Quick Setup'!$E49,if(CH6='Quick Setup'!$F$45,'Quick Setup'!$F49,if(CH6='Quick Setup'!$G$45,'Quick Setup'!$G49,if(CH6='Quick Setup'!$H$45,'Quick Setup'!$H49,if(CH6='Quick Setup'!$I$45,'Quick Setup'!$I49,if(CH6='Quick Setup'!$J$45,'Quick Setup'!$J49,if(CH6='Quick Setup'!$K$45,'Quick Setup'!$K49,if(CH6='Quick Setup'!$L$45,'Quick Setup'!$L49,if(CH6='Quick Setup'!$M$45,'Quick Setup'!$M49,if(CH6='Quick Setup'!$N$45,'Quick Setup'!$N49,if(CH6='Quick Setup'!$O$45,'Quick Setup'!$O49,if(CH6='Quick Setup'!$P$45,'Quick Setup'!$P49,if(CH6='Quick Setup'!$Q$45,'Quick Setup'!$Q49,if(CH6='Quick Setup'!$R$45,'Quick Setup'!$R49,if(CH6='Quick Setup'!$S$45,'Quick Setup'!$S49,if(CH6='Quick Setup'!$T$45,'Quick Setup'!$T49,if(CH6='Quick Setup'!$U$45,'Quick Setup'!$U49,if(CH6='Quick Setup'!$V$45,'Quick Setup'!$V49,'Quick Setup'!$W49)))))))))))))))))))) -> 2 | CK6: =BY6 -> 5 | CL6: =BZ6 -> -0.05 | CM6: =CA6 -> -0.02 | CN6: =CB6 -> 0 | CO6: =CC6 -> 0.005 | CP6: =CD6 -> 0.01 | CQ6: =CE6 -> 0.015 | CR6: =CF6 -> 0.02 | CS6: =CG6 -> 0.03 | CT6: ='Quick Setup'!K63 -> 0.8 | CU6: =if(CT6='Quick Setup'!$C$31,'Quick Setup'!$C35,if(CT6='Quick Setup'!$D$31,'Quick Setup'!$D35,if(CT6='Quick Setup'!$E$31,'Quick Setup'!$E35,if(CT6='Quick Setup'!$F$31,'Quick Setup'!$F35,if(CT6='Quick Setup'!$G$31,'Quick Setup'!$G35,if(CT6='Quick Setup'!$H$31,'Quick Setup'!$H35,if(CT6='Quick Setup'!$I$31,'Quick Setup'!$I35,if(CT6='Quick Setup'!$J$31,'Quick Setup'!$J35,if(CT6='Quick Setup'!$K$31,'Quick Setup'!$K35,if(CT6='Quick Setup'!$L$31,'Quick Setup'!$L35,if(CT6='Quick Setup'!$M$31,'Quick Setup'!$M35,if(CT6='Quick Setup'!$N$31,'Quick Setup'!$N35,if(CT6='Quick Setup'!$O$31,'Quick Setup'!$O35,if(CT6='Quick Setup'!$P$31,'Quick Setup'!$P35,if(CT6='Quick Setup'!$Q$31,'Quick Setup'!$Q35,if(CT6='Quick Setup'!$R$31,'Quick Setup'!$R35,if(CT6='Quick Setup'!$S$31,'Quick Setup'!$S35,if(CT6='Quick Setup'!$T$31,'Quick Setup'!$T35,if(CT6='Quick Setup'!$U$31,'Quick Setup'!$U35,if(CT6='Quick Setup'!$V$31,'Quick Setup'!$V35,'Quick Setup'!$W35)))))))))))))))))))) -> 3 | CV6: =if(CT6='Quick Setup'!$C$45,'Quick Setup'!$C49,if(CT6='Quick Setup'!$D$45,'Quick Setup'!$D49,if(CT6='Quick Setup'!$E$45,'Quick Setup'!$E49,if(CT6='Quick Setup'!$F$45,'Quick Setup'!$F49,if(CT6='Quick Setup'!$G$45,'Quick Setup'!$G49,if(CT6='Quick Setup'!$H$45,'Quick Setup'!$H49,if(CT6='Quick Setup'!$I$45,'Quick Setup'!$I49,if(CT6='Quick Setup'!$J$45,'Quick Setup'!$J49,if(CT6='Quick Setup'!$K$45,'Quick Setup'!$K49,if(CT6='Quick Setup'!$L$45,'Quick Setup'!$L49,if(CT6='Quick Setup'!$M$45,'Quick Setup'!$M49,if(CT6='Quick Setup'!$N$45,'Quick Setup'!$N49,if(CT6='Quick Setup'!$O$45,'Quick Setup'!$O49,if(CT6='Quick Setup'!$P$45,'Quick Setup'!$P49,if(CT6='Quick Setup'!$Q$45,'Quick Setup'!$Q49,if(CT6='Quick Setup'!$R$45,'Quick Setup'!$R49,if(CT6='Quick Setup'!$S$45,'Quick Setup'!$S49,if(CT6='Quick Setup'!$T$45,'Quick Setup'!$T49,if(CT6='Quick Setup'!$U$45,'Quick Setup'!$U49,if(CT6='Quick Setup'!$V$45,'Quick Setup'!$V49,'Quick Setup'!$W49)))))))))))))))))))) -> 2 | CW6: =CK6 -> 5 | CX6: =CL6 -> -0.05 | CY6: =CM6 -> -0.02 | CZ6: =CN6 -> 0 | DA6: =CO6 -> 0.005 | DB6: =CP6 -> 0.01 | DC6: =CQ6 -> 0.015 | DD6: =CR6 -> 0.02 | DE6: =CS6 -> 0.03 | DF6: ='Quick Setup'!L63 -> 0.85 | DG6: =if(DF6='Quick Setup'!$C$31,'Quick Setup'!$C35,if(DF6='Quick Setup'!$D$31,'Quick Setup'!$D35,if(DF6='Quick Setup'!$E$31,'Quick Setup'!$E35,if(DF6='Quick Setup'!$F$31,'Quick Setup'!$F35,if(DF6='Quick Setup'!$G$31,'Quick Setup'!$G35,if(DF6='Quick Setup'!$H$31,'Quick Setup'!$H35,if(DF6='Quick Setup'!$I$31,'Quick Setup'!$I35,if(DF6='Quick Setup'!$J$31,'Quick Setup'!$J35,if(DF6='Quick Setup'!$K$31,'Quick Setup'!$K35,if(DF6='Quick Setup'!$L$31,'Quick Setup'!$L35,if(DF6='Quick Setup'!$M$31,'Quick Setup'!$M35,if(DF6='Quick Setup'!$N$31,'Quick Setup'!$N35,if(DF6='Quick Setup'!$O$31,'Quick Setup'!$O35,if(DF6='Quick Setup'!$P$31,'Quick Setup'!$P35,if(DF6='Quick Setup'!$Q$31,'Quick Setup'!$Q35,if(DF6='Quick Setup'!$R$31,'Quick Setup'!$R35,if(DF6='Quick Setup'!$S$31,'Quick Setup'!$S35,if(DF6='Quick Setup'!$T$31,'Quick Setup'!$T35,if(DF6='Quick Setup'!$U$31,'Quick Setup'!$U35,if(DF6='Quick Setup'!$V$31,'Quick Setup'!$V35,'Quick Setup'!$W35)))))))))))))))))))) -> 2 | DH6: =if(DF6='Quick Setup'!$C$45,'Quick Setup'!$C49,if(DF6='Quick Setup'!$D$45,'Quick Setup'!$D49,if(DF6='Quick Setup'!$E$45,'Quick Setup'!$E49,if(DF6='Quick Setup'!$F$45,'Quick Setup'!$F49,if(DF6='Quick Setup'!$G$45,'Quick Setup'!$G49,if(DF6='Quick Setup'!$H$45,'Quick Setup'!$H49,if(DF6='Quick Setup'!$I$45,'Quick Setup'!$I49,if(DF6='Quick Setup'!$J$45,'Quick Setup'!$J49,if(DF6='Quick Setup'!$K$45,'Quick Setup'!$K49,if(DF6='Quick Setup'!$L$45,'Quick Setup'!$L49,if(DF6='Quick Setup'!$M$45,'Quick Setup'!$M49,if(DF6='Quick Setup'!$N$45,'Quick Setup'!$N49,if(DF6='Quick Setup'!$O$45,'Quick Setup'!$O49,if(DF6='Quick Setup'!$P$45,'Quick Setup'!$P49,if(DF6='Quick Setup'!$Q$45,'Quick Setup'!$Q49,if(DF6='Quick Setup'!$R$45,'Quick Setup'!$R49,if(DF6='Quick Setup'!$S$45,'Quick Setup'!$S49,if(DF6='Quick Setup'!$T$45,'Quick Setup'!$T49,if(DF6='Quick Setup'!$U$45,'Quick Setup'!$U49,if(DF6='Quick Setup'!$V$45,'Quick Setup'!$V49,'Quick Setup'!$W49)))))))))))))))))))) -> 1 | DI6: =CW6 -> 5 | DJ6: =CX6 -> -0.05 | DK6: =CY6 -> -0.02 | DL6: =CZ6 -> 0 | DM6: =DA6 -> 0.005 | DN6: =DB6 -> 0.01 | DO6: =DC6 -> 0.015 | DP6: =DD6 -> 0.02 | DQ6: =DE6 -> 0.03 | DR6: ='Quick Setup'!M63 -> 0.775 | DS6: =if(DR6='Quick Setup'!$C$31,'Quick Setup'!$C35,if(DR6='Quick Setup'!$D$31,'Quick Setup'!$D35,if(DR6='Quick Setup'!$E$31,'Quick Setup'!$E35,if(DR6='Quick Setup'!$F$31,'Quick Setup'!$F35,if(DR6='Quick Setup'!$G$31,'Quick Setup'!$G35,if(DR6='Quick Setup'!$H$31,'Quick Setup'!$H35,if(DR6='Quick Setup'!$I$31,'Quick Setup'!$I35,if(DR6='Quick Setup'!$J$31,'Quick Setup'!$J35,if(DR6='Quick Setup'!$K$31,'Quick Setup'!$K35,if(DR6='Quick Setup'!$L$31,'Quick Setup'!$L35,if(DR6='Quick Setup'!$M$31,'Quick Setup'!$M35,if(DR6='Quick Setup'!$N$31,'Quick Setup'!$N35,if(DR6='Quick Setup'!$O$31,'Quick Setup'!$O35,if(DR6='Quick Setup'!$P$31,'Quick Setup'!$P35,if(DR6='Quick Setup'!$Q$31,'Quick Setup'!$Q35,if(DR6='Quick Setup'!$R$31,'Quick Setup'!$R35,if(DR6='Quick Setup'!$S$31,'Quick Setup'!$S35,if(DR6='Quick Setup'!$T$31,'Quick Setup'!$T35,if(DR6='Quick Setup'!$U$31,'Quick Setup'!$U35,if(DR6='Quick Setup'!$V$31,'Quick Setup'!$V35,'Quick Setup'!$W35)))))))))))))))))))) -> 4 | DT6: =if(DR6='Quick Setup'!$C$45,'Quick Setup'!$C49,if(DR6='Quick Setup'!$D$45,'Quick Setup'!$D49,if(DR6='Quick Setup'!$E$45,'Quick Setup'!$E49,if(DR6='Quick Setup'!$F$45,'Quick Setup'!$F49,if(DR6='Quick Setup'!$G$45,'Quick Setup'!$G49,if(DR6='Quick Setup'!$H$45,'Quick Setup'!$H49,if(DR6='Quick Setup'!$I$45,'Quick Setup'!$I49,if(DR6='Quick Setup'!$J$45,'Quick Setup'!$J49,if(DR6='Quick Setup'!$K$45,'Quick Setup'!$K49,if(DR6='Quick Setup'!$L$45,'Quick Setup'!$L49,if(DR6='Quick Setup'!$M$45,'Quick Setup'!$M49,if(DR6='Quick Setup'!$N$45,'Quick Setup'!$N49,if(DR6='Quick Setup'!$O$45,'Quick Setup'!$O49,if(DR6='Quick Setup'!$P$45,'Quick Setup'!$P49,if(DR6='Quick Setup'!$Q$45,'Quick Setup'!$Q49,if(DR6='Quick Setup'!$R$45,'Quick Setup'!$R49,if(DR6='Quick Setup'!$S$45,'Quick Setup'!$S49,if(DR6='Quick Setup'!$T$45,'Quick Setup'!$T49,if(DR6='Quick Setup'!$U$45,'Quick Setup'!$U49,if(DR6='Quick Setup'!$V$45,'Quick Setup'!$V49,'Quick Setup'!$W49)))))))))))))))))))) -> 2 | DU6: =DI6 -> 5 | DV6: =DJ6 -> -0.05 | DW6: =DK6 -> -0.02 | DX6: =DL6 -> 0 | DY6: =DM6 -> 0.005 | DZ6: =DN6 -> 0.01 | EA6: =DO6 -> 0.015 | EB6: =DP6 -> 0.02 | EC6: =DQ6 -> 0.03 | ED6: ='Quick Setup'!N63 -> 0.825 | EE6: =if(ED6='Quick Setup'!$C$31,'Quick Setup'!$C35,if(ED6='Quick Setup'!$D$31,'Quick Setup'!$D35,if(ED6='Quick Setup'!$E$31,'Quick Setup'!$E35,if(ED6='Quick Setup'!$F$31,'Quick Setup'!$F35,if(ED6='Quick Setup'!$G$31,'Quick Setup'!$G35,if(ED6='Quick Setup'!$H$31,'Quick Setup'!$H35,if(ED6='Quick Setup'!$I$31,'Quick Setup'!$I35,if(ED6='Quick Setup'!$J$31,'Quick Setup'!$J35,if(ED6='Quick Setup'!$K$31,'Quick Setup'!$K35,if(ED6='Quick Setup'!$L$31,'Quick Setup'!$L35,if(ED6='Quick Setup'!$M$31,'Quick Setup'!$M35,if(ED6='Quick Setup'!$N$31,'Quick Setup'!$N35,if(ED6='Quick Setup'!$O$31,'Quick Setup'!$O35,if(ED6='Quick Setup'!$P$31,'Quick Setup'!$P35,if(ED6='Quick Setup'!$Q$31,'Quick Setup'!$Q35,if(ED6='Quick Setup'!$R$31,'Quick Setup'!$R35,if(ED6='Quick Setup'!$S$31,'Quick Setup'!$S35,if(ED6='Quick Setup'!$T$31,'Quick Setup'!$T35,if(ED6='Quick Setup'!$U$31,'Quick Setup'!$U35,if(ED6='Quick Setup'!$V$31,'Quick Setup'!$V35,'Quick Setup'!$W35)))))))))))))))))))) -> 3 | EF6: =if(ED6='Quick Setup'!$C$45,'Quick Setup'!$C49,if(ED6='Quick Setup'!$D$45,'Quick Setup'!$D49,if(ED6='Quick Setup'!$E$45,'Quick Setup'!$E49,if(ED6='Quick Setup'!$F$45,'Quick Setup'!$F49,if(ED6='Quick Setup'!$G$45,'Quick Setup'!$G49,if(ED6='Quick Setup'!$H$45,'Quick Setup'!$H49,if(ED6='Quick Setup'!$I$45,'Quick Setup'!$I49,if(ED6='Quick Setup'!$J$45,'Quick Setup'!$J49,if(ED6='Quick Setup'!$K$45,'Quick Setup'!$K49,if(ED6='Quick Setup'!$L$45,'Quick Setup'!$L49,if(ED6='Quick Setup'!$M$45,'Quick Setup'!$M49,if(ED6='Quick Setup'!$N$45,'Quick Setup'!$N49,if(ED6='Quick Setup'!$O$45,'Quick Setup'!$O49,if(ED6='Quick Setup'!$P$45,'Quick Setup'!$P49,if(ED6='Quick Setup'!$Q$45,'Quick Setup'!$Q49,if(ED6='Quick Setup'!$R$45,'Quick Setup'!$R49,if(ED6='Quick Setup'!$S$45,'Quick Setup'!$S49,if(ED6='Quick Setup'!$T$45,'Quick Setup'!$T49,if(ED6='Quick Setup'!$U$45,'Quick Setup'!$U49,if(ED6='Quick Setup'!$V$45,'Quick Setup'!$V49,'Quick Setup'!$W49)))))))))))))))))))) -> 2 | EG6: =DU6 -> 5 | EH6: =DV6 -> -0.05 | EI6: =DW6 -> -0.02 | EJ6: =DX6 -> 0 | EK6: =DY6 -> 0.005 | EL6: =DZ6 -> 0.01 | EM6: =EA6 -> 0.015 | EN6: =EB6 -> 0.02 | EO6: =EC6 -> 0.03 | EP6: ='Quick Setup'!O63 -> 0.875 | EQ6: =if(EP6='Quick Setup'!$C$31,'Quick Setup'!$C35,if(EP6='Quick Setup'!$D$31,'Quick Setup'!$D35,if(EP6='Quick Setup'!$E$31,'Quick Setup'!$E35,if(EP6='Quick Setup'!$F$31,'Quick Setup'!$F35,if(EP6='Quick Setup'!$G$31,'Quick Setup'!$G35,if(EP6='Quick Setup'!$H$31,'Quick Setup'!$H35,if(EP6='Quick Setup'!$I$31,'Quick Setup'!$I35,if(EP6='Quick Setup'!$J$31,'Quick Setup'!$J35,if(EP6='Quick Setup'!$K$31,'Quick Setup'!$K35,if(EP6='Quick Setup'!$L$31,'Quick Setup'!$L35,if(EP6='Quick Setup'!$M$31,'Quick Setup'!$M35,if(EP6='Quick Setup'!$N$31,'Quick Setup'!$N35,if(EP6='Quick Setup'!$O$31,'Quick Setup'!$O35,if(EP6='Quick Setup'!$P$31,'Quick Setup'!$P35,if(EP6='Quick Setup'!$Q$31,'Quick Setup'!$Q35,if(EP6='Quick Setup'!$R$31,'Quick Setup'!$R35,if(EP6='Quick Setup'!$S$31,'Quick Setup'!$S35,if(EP6='Quick Setup'!$T$31,'Quick Setup'!$T35,if(EP6='Quick Setup'!$U$31,'Quick Setup'!$U35,if(EP6='Quick Setup'!$V$31,'Quick Setup'!$V35,'Quick Setup'!$W35)))))))))))))))))))) -> 2 | ER6: =if(EP6='Quick Setup'!$C$45,'Quick Setup'!$C49,if(EP6='Quick Setup'!$D$45,'Quick Setup'!$D49,if(EP6='Quick Setup'!$E$45,'Quick Setup'!$E49,if(EP6='Quick Setup'!$F$45,'Quick Setup'!$F49,if(EP6='Quick Setup'!$G$45,'Quick Setup'!$G49,if(EP6='Quick Setup'!$H$45,'Quick Setup'!$H49,if(EP6='Quick Setup'!$I$45,'Quick Setup'!$I49,if(EP6='Quick Setup'!$J$45,'Quick Setup'!$J49,if(EP6='Quick Setup'!$K$45,'Quick Setup'!$K49,if(EP6='Quick Setup'!$L$45,'Quick Setup'!$L49,if(EP6='Quick Setup'!$M$45,'Quick Setup'!$M49,if(EP6='Quick Setup'!$N$45,'Quick Setup'!$N49,if(EP6='Quick Setup'!$O$45,'Quick Setup'!$O49,if(EP6='Quick Setup'!$P$45,'Quick Setup'!$P49,if(EP6='Quick Setup'!$Q$45,'Quick Setup'!$Q49,if(EP6='Quick Setup'!$R$45,'Quick Setup'!$R49,if(EP6='Quick Setup'!$S$45,'Quick Setup'!$S49,if(EP6='Quick Setup'!$T$45,'Quick Setup'!$T49,if(EP6='Quick Setup'!$U$45,'Quick Setup'!$U49,if(EP6='Quick Setup'!$V$45,'Quick Setup'!$V49,'Quick Setup'!$W49)))))))))))))))))))) -> 1 | ES6: =EG6 -> 5 | ET6: =EH6 -> -0.05 | EU6: =EI6 -> -0.02 | EV6: =EJ6 -> 0 | EW6: =EK6 -> 0.005 | EX6: =EL6 -> 0.01 | EY6: =EM6 -> 0.015 | EZ6: =EN6 -> 0.02 | FA6: =EO6 -> 0.03 | FB6: ='Quick Setup'!P63 -> 0.6 | FC6: =if(FB6='Quick Setup'!$C$31,'Quick Setup'!$C35,if(FB6='Quick Setup'!$D$31,'Quick Setup'!$D35,if(FB6='Quick Setup'!$E$31,'Quick Setup'!$E35,if(FB6='Quick Setup'!$F$31,'Quick Setup'!$F35,if(FB6='Quick Setup'!$G$31,'Quick Setup'!$G35,if(FB6='Quick Setup'!$H$31,'Quick Setup'!$H35,if(FB6='Quick Setup'!$I$31,'Quick Setup'!$I35,if(FB6='Quick Setup'!$J$31,'Quick Setup'!$J35,if(FB6='Quick Setup'!$K$31,'Quick Setup'!$K35,if(FB6='Quick Setup'!$L$31,'Quick Setup'!$L35,if(FB6='Quick Setup'!$M$31,'Quick Setup'!$M35,if(FB6='Quick Setup'!$N$31,'Quick Setup'!$N35,if(FB6='Quick Setup'!$O$31,'Quick Setup'!$O35,if(FB6='Quick Setup'!$P$31,'Quick Setup'!$P35,if(FB6='Quick Setup'!$Q$31,'Quick Setup'!$Q35,if(FB6='Quick Setup'!$R$31,'Quick Setup'!$R35,if(FB6='Quick Setup'!$S$31,'Quick Setup'!$S35,if(FB6='Quick Setup'!$T$31,'Quick Setup'!$T35,if(FB6='Quick Setup'!$U$31,'Quick Setup'!$U35,if(FB6='Quick Setup'!$V$31,'Quick Setup'!$V35,'Quick Setup'!$W35)))))))))))))))))))) -> 7 | FD6: =if(FB6='Quick Setup'!$C$45,'Quick Setup'!$C49,if(FB6='Quick Setup'!$D$45,'Quick Setup'!$D49,if(FB6='Quick Setup'!$E$45,'Quick Setup'!$E49,if(FB6='Quick Setup'!$F$45,'Quick Setup'!$F49,if(FB6='Quick Setup'!$G$45,'Quick Setup'!$G49,if(FB6='Quick Setup'!$H$45,'Quick Setup'!$H49,if(FB6='Quick Setup'!$I$45,'Quick Setup'!$I49,if(FB6='Quick Setup'!$J$45,'Quick Setup'!$J49,if(FB6='Quick Setup'!$K$45,'Quick Setup'!$K49,if(FB6='Quick Setup'!$L$45,'Quick Setup'!$L49,if(FB6='Quick Setup'!$M$45,'Quick Setup'!$M49,if(FB6='Quick Setup'!$N$45,'Quick Setup'!$N49,if(FB6='Quick Setup'!$O$45,'Quick Setup'!$O49,if(FB6='Quick Setup'!$P$45,'Quick Setup'!$P49,if(FB6='Quick Setup'!$Q$45,'Quick Setup'!$Q49,if(FB6='Quick Setup'!$R$45,'Quick Setup'!$R49,if(FB6='Quick Setup'!$S$45,'Quick Setup'!$S49,if(FB6='Quick Setup'!$T$45,'Quick Setup'!$T49,if(FB6='Quick Setup'!$U$45,'Quick Setup'!$U49,if(FB6='Quick Setup'!$V$45,'Quick Setup'!$V49,'Quick Setup'!$W49)))))))))))))))))))) -> 3 | FE6: =ES6 -> 5 | FF6: =ET6 -> -0.05 | FG6: =EU6 -> -0.02 | FH6: =EV6 -> 0 | FI6: =EW6 -> 0.005 | FJ6: =EX6 -> 0.01 | FK6: =EY6 -> 0.015 | FL6: =EZ6 -> 0.02 | FM6: =FA6 -> 0.03 | FN6: ='Quick Setup'!Q63 -> 0.8 | FO6: =if(FN6='Quick Setup'!$C$31,'Quick Setup'!$C35,if(FN6='Quick Setup'!$D$31,'Quick Setup'!$D35,if(FN6='Quick Setup'!$E$31,'Quick Setup'!$E35,if(FN6='Quick Setup'!$F$31,'Quick Setup'!$F35,if(FN6='Quick Setup'!$G$31,'Quick Setup'!$G35,if(FN6='Quick Setup'!$H$31,'Quick Setup'!$H35,if(FN6='Quick Setup'!$I$31,'Quick Setup'!$I35,if(FN6='Quick Setup'!$J$31,'Quick Setup'!$J35,if(FN6='Quick Setup'!$K$31,'Quick Setup'!$K35,if(FN6='Quick Setup'!$L$31,'Quick Setup'!$L35,if(FN6='Quick Setup'!$M$31,'Quick Setup'!$M35,if(FN6='Quick Setup'!$N$31,'Quick Setup'!$N35,if(FN6='Quick Setup'!$O$31,'Quick Setup'!$O35,if(FN6='Quick Setup'!$P$31,'Quick Setup'!$P35,if(FN6='Quick Setup'!$Q$31,'Quick Setup'!$Q35,if(FN6='Quick Setup'!$R$31,'Quick Setup'!$R35,if(FN6='Quick Setup'!$S$31,'Quick Setup'!$S35,if(FN6='Quick Setup'!$T$31,'Quick Setup'!$T35,if(FN6='Quick Setup'!$U$31,'Quick Setup'!$U35,if(FN6='Quick Setup'!$V$31,'Quick Setup'!$V35,'Quick Setup'!$W35)))))))))))))))))))) -> 3 | FP6: =if(FN6='Quick Setup'!$C$45,'Quick Setup'!$C49,if(FN6='Quick Setup'!$D$45,'Quick Setup'!$D49,if(FN6='Quick Setup'!$E$45,'Quick Setup'!$E49,if(FN6='Quick Setup'!$F$45,'Quick Setup'!$F49,if(FN6='Quick Setup'!$G$45,'Quick Setup'!$G49,if(FN6='Quick Setup'!$H$45,'Quick Setup'!$H49,if(FN6='Quick Setup'!$I$45,'Quick Setup'!$I49,if(FN6='Quick Setup'!$J$45,'Quick Setup'!$J49,if(FN6='Quick Setup'!$K$45,'Quick Setup'!$K49,if(FN6='Quick Setup'!$L$45,'Quick Setup'!$L49,if(FN6='Quick Setup'!$M$45,'Quick Setup'!$M49,if(FN6='Quick Setup'!$N$45,'Quick Setup'!$N49,if(FN6='Quick Setup'!$O$45,'Quick Setup'!$O49,if(FN6='Quick Setup'!$P$45,'Quick Setup'!$P49,if(FN6='Quick Setup'!$Q$45,'Quick Setup'!$Q49,if(FN6='Quick Setup'!$R$45,'Quick Setup'!$R49,if(FN6='Quick Setup'!$S$45,'Quick Setup'!$S49,if(FN6='Quick Setup'!$T$45,'Quick Setup'!$T49,if(FN6='Quick Setup'!$U$45,'Quick Setup'!$U49,if(FN6='Quick Setup'!$V$45,'Quick Setup'!$V49,'Quick Setup'!$W49)))))))))))))))))))) -> 2 | FQ6: =FE6 -> 5 | FR6: =FF6 -> -0.05 | FS6: =FG6 -> -0.02 | FT6: =FH6 -> 0 | FU6: =FI6 -> 0.005 | FV6: =FJ6 -> 0.01 | FW6: =FK6 -> 0.015 | FX6: =FL6 -> 0.02 | FY6: =FM6 -> 0.03 | FZ6: ='Quick Setup'!R63 -> 0.85 | GA6: =if(FZ6='Quick Setup'!$C$31,'Quick Setup'!$C35,if(FZ6='Quick Setup'!$D$31,'Quick Setup'!$D35,if(FZ6='Quick Setup'!$E$31,'Quick Setup'!$E35,if(FZ6='Quick Setup'!$F$31,'Quick Setup'!$F35,if(FZ6='Quick Setup'!$G$31,'Quick Setup'!$G35,if(FZ6='Quick Setup'!$H$31,'Quick Setup'!$H35,if(FZ6='Quick Setup'!$I$31,'Quick Setup'!$I35,if(FZ6='Quick Setup'!$J$31,'Quick Setup'!$J35,if(FZ6='Quick Setup'!$K$31,'Quick Setup'!$K35,if(FZ6='Quick Setup'!$L$31,'Quick Setup'!$L35,if(FZ6='Quick Setup'!$M$31,'Quick Setup'!$M35,if(FZ6='Quick Setup'!$N$31,'Quick Setup'!$N35,if(FZ6='Quick Setup'!$O$31,'Quick Setup'!$O35,if(FZ6='Quick Setup'!$P$31,'Quick Setup'!$P35,if(FZ6='Quick Setup'!$Q$31,'Quick Setup'!$Q35,if(FZ6='Quick Setup'!$R$31,'Quick Setup'!$R35,if(FZ6='Quick Setup'!$S$31,'Quick Setup'!$S35,if(FZ6='Quick Setup'!$T$31,'Quick Setup'!$T35,if(FZ6='Quick Setup'!$U$31,'Quick Setup'!$U35,if(FZ6='Quick Setup'!$V$31,'Quick Setup'!$V35,'Quick Setup'!$W35)))))))))))))))))))) -> 2 | GB6: =if(FZ6='Quick Setup'!$C$45,'Quick Setup'!$C49,if(FZ6='Quick Setup'!$D$45,'Quick Setup'!$D49,if(FZ6='Quick Setup'!$E$45,'Quick Setup'!$E49,if(FZ6='Quick Setup'!$F$45,'Quick Setup'!$F49,if(FZ6='Quick Setup'!$G$45,'Quick Setup'!$G49,if(FZ6='Quick Setup'!$H$45,'Quick Setup'!$H49,if(FZ6='Quick Setup'!$I$45,'Quick Setup'!$I49,if(FZ6='Quick Setup'!$J$45,'Quick Setup'!$J49,if(FZ6='Quick Setup'!$K$45,'Quick Setup'!$K49,if(FZ6='Quick Setup'!$L$45,'Quick Setup'!$L49,if(FZ6='Quick Setup'!$M$45,'Quick Setup'!$M49,if(FZ6='Quick Setup'!$N$45,'Quick Setup'!$N49,if(FZ6='Quick Setup'!$O$45,'Quick Setup'!$O49,if(FZ6='Quick Setup'!$P$45,'Quick Setup'!$P49,if(FZ6='Quick Setup'!$Q$45,'Quick Setup'!$Q49,if(FZ6='Quick Setup'!$R$45,'Quick Setup'!$R49,if(FZ6='Quick Setup'!$S$45,'Quick Setup'!$S49,if(FZ6='Quick Setup'!$T$45,'Quick Setup'!$T49,if(FZ6='Quick Setup'!$U$45,'Quick Setup'!$U49,if(FZ6='Quick Setup'!$V$45,'Quick Setup'!$V49,'Quick Setup'!$W49)))))))))))))))))))) -> 1 | GC6: =FQ6 -> 5 | GD6: =FR6 -> -0.05 | GE6: =FS6 -> -0.02 | GF6: =FT6 -> 0 | GG6: =FU6 -> 0.005 | GH6: =FV6 -> 0.01 | GI6: =FW6 -> 0.015 | GJ6: =FX6 -> 0.02 | GK6: =FY6 -> 0.03 | GL6: ='Quick Setup'!S63 -> 0.9 | GM6: =if(GL6='Quick Setup'!$C$31,'Quick Setup'!$C35,if(GL6='Quick Setup'!$D$31,'Quick Setup'!$D35,if(GL6='Quick Setup'!$E$31,'Quick Setup'!$E35,if(GL6='Quick Setup'!$F$31,'Quick Setup'!$F35,if(GL6='Quick Setup'!$G$31,'Quick Setup'!$G35,if(GL6='Quick Setup'!$H$31,'Quick Setup'!$H35,if(GL6='Quick Setup'!$I$31,'Quick Setup'!$I35,if(GL6='Quick Setup'!$J$31,'Quick Setup'!$J35,if(GL6='Quick Setup'!$K$31,'Quick Setup'!$K35,if(GL6='Quick Setup'!$L$31,'Quick Setup'!$L35,if(GL6='Quick Setup'!$M$31,'Quick Setup'!$M35,if(GL6='Quick Setup'!$N$31,'Quick Setup'!$N35,if(GL6='Quick Setup'!$O$31,'Quick Setup'!$O35,if(GL6='Quick Setup'!$P$31,'Quick Setup'!$P35,if(GL6='Quick Setup'!$Q$31,'Quick Setup'!$Q35,if(GL6='Quick Setup'!$R$31,'Quick Setup'!$R35,if(GL6='Quick Setup'!$S$31,'Quick Setup'!$S35,if(GL6='Quick Setup'!$T$31,'Quick Setup'!$T35,if(GL6='Quick Setup'!$U$31,'Quick Setup'!$U35,if(GL6='Quick Setup'!$V$31,'Quick Setup'!$V35,'Quick Setup'!$W35)))))))))))))))))))) -> 1 | GN6: =if(GL6='Quick Setup'!$C$45,'Quick Setup'!$C49,if(GL6='Quick Setup'!$D$45,'Quick Setup'!$D49,if(GL6='Quick Setup'!$E$45,'Quick Setup'!$E49,if(GL6='Quick Setup'!$F$45,'Quick Setup'!$F49,if(GL6='Quick Setup'!$G$45,'Quick Setup'!$G49,if(GL6='Quick Setup'!$H$45,'Quick Setup'!$H49,if(GL6='Quick Setup'!$I$45,'Quick Setup'!$I49,if(GL6='Quick Setup'!$J$45,'Quick Setup'!$J49,if(GL6='Quick Setup'!$K$45,'Quick Setup'!$K49,if(GL6='Quick Setup'!$L$45,'Quick Setup'!$L49,if(GL6='Quick Setup'!$M$45,'Quick Setup'!$M49,if(GL6='Quick Setup'!$N$45,'Quick Setup'!$N49,if(GL6='Quick Setup'!$O$45,'Quick Setup'!$O49,if(GL6='Quick Setup'!$P$45,'Quick Setup'!$P49,if(GL6='Quick Setup'!$Q$45,'Quick Setup'!$Q49,if(GL6='Quick Setup'!$R$45,'Quick Setup'!$R49,if(GL6='Quick Setup'!$S$45,'Quick Setup'!$S49,if(GL6='Quick Setup'!$T$45,'Quick Setup'!$T49,if(GL6='Quick Setup'!$U$45,'Quick Setup'!$U49,if(GL6='Quick Setup'!$V$45,'Quick Setup'!$V49,'Quick Setup'!$W49)))))))))))))))))))) -> 1 | GO6: =GC6 -> 5 | GP6: =GD6 -> -0.05 | GQ6: =GE6 -> -0.02 | GR6: =GF6 -> 0 | GS6: =GG6 -> 0.005 | GT6: =GH6 -> 0.01 | GU6: =GI6 -> 0.015 | GV6: =GJ6 -> 0.02 | GW6: =GK6 -> 0.03 | GX6: ='Quick Setup'!T63 -> 0.85 | GY6: =if(GX6='Quick Setup'!$C$31,'Quick Setup'!$C35,if(GX6='Quick Setup'!$D$31,'Quick Setup'!$D35,if(GX6='Quick Setup'!$E$31,'Quick Setup'!$E35,if(GX6='Quick Setup'!$F$31,'Quick Setup'!$F35,if(GX6='Quick Setup'!$G$31,'Quick Setup'!$G35,if(GX6='Quick Setup'!$H$31,'Quick Setup'!$H35,if(GX6='Quick Setup'!$I$31,'Quick Setup'!$I35,if(GX6='Quick Setup'!$J$31,'Quick Setup'!$J35,if(GX6='Quick Setup'!$K$31,'Quick Setup'!$K35,if(GX6='Quick Setup'!$L$31,'Quick Setup'!$L35,if(GX6='Quick Setup'!$M$31,'Quick Setup'!$M35,if(GX6='Quick Setup'!$N$31,'Quick Setup'!$N35,if(GX6='Quick Setup'!$O$31,'Quick Setup'!$O35,if(GX6='Quick Setup'!$P$31,'Quick Setup'!$P35,if(GX6='Quick Setup'!$Q$31,'Quick Setup'!$Q35,if(GX6='Quick Setup'!$R$31,'Quick Setup'!$R35,if(GX6='Quick Setup'!$S$31,'Quick Setup'!$S35,if(GX6='Quick Setup'!$T$31,'Quick Setup'!$T35,if(GX6='Quick Setup'!$U$31,'Quick Setup'!$U35,if(GX6='Quick Setup'!$V$31,'Quick Setup'!$V35,'Quick Setup'!$W35)))))))))))))))))))) -> 2 | GZ6: =if(GX6='Quick Setup'!$C$45,'Quick Setup'!$C49,if(GX6='Quick Setup'!$D$45,'Quick Setup'!$D49,if(GX6='Quick Setup'!$E$45,'Quick Setup'!$E49,if(GX6='Quick Setup'!$F$45,'Quick Setup'!$F49,if(GX6='Quick Setup'!$G$45,'Quick Setup'!$G49,if(GX6='Quick Setup'!$H$45,'Quick Setup'!$H49,if(GX6='Quick Setup'!$I$45,'Quick Setup'!$I49,if(GX6='Quick Setup'!$J$45,'Quick Setup'!$J49,if(GX6='Quick Setup'!$K$45,'Quick Setup'!$K49,if(GX6='Quick Setup'!$L$45,'Quick Setup'!$L49,if(GX6='Quick Setup'!$M$45,'Quick Setup'!$M49,if(GX6='Quick Setup'!$N$45,'Quick Setup'!$N49,if(GX6='Quick Setup'!$O$45,'Quick Setup'!$O49,if(GX6='Quick Setup'!$P$45,'Quick Setup'!$P49,if(GX6='Quick Setup'!$Q$45,'Quick Setup'!$Q49,if(GX6='Quick Setup'!$R$45,'Quick Setup'!$R49,if(GX6='Quick Setup'!$S$45,'Quick Setup'!$S49,if(GX6='Quick Setup'!$T$45,'Quick Setup'!$T49,if(GX6='Quick Setup'!$U$45,'Quick Setup'!$U49,if(GX6='Quick Setup'!$V$45,'Quick Setup'!$V49,'Quick Setup'!$W49)))))))))))))))))))) -> 1 | HA6: =GO6 -> 5 | HB6: =GP6 -> -0.05 | HC6: =GQ6 -> -0.02 | HD6: =GR6 -> 0 | HE6: =GS6 -> 0.005 | HF6: =GT6 -> 0.01 | HG6: =GU6 -> 0.015 | HH6: =GV6 -> 0.02 | HI6: =GW6 -> 0.03 | HJ6: ='Quick Setup'!U63 -> 0.9 | HK6: =if(HJ6='Quick Setup'!$C$31,'Quick Setup'!$C35,if(HJ6='Quick Setup'!$D$31,'Quick Setup'!$D35,if(HJ6='Quick Setup'!$E$31,'Quick Setup'!$E35,if(HJ6='Quick Setup'!$F$31,'Quick Setup'!$F35,if(HJ6='Quick Setup'!$G$31,'Quick Setup'!$G35,if(HJ6='Quick Setup'!$H$31,'Quick Setup'!$H35,if(HJ6='Quick Setup'!$I$31,'Quick Setup'!$I35,if(HJ6='Quick Setup'!$J$31,'Quick Setup'!$J35,if(HJ6='Quick Setup'!$K$31,'Quick Setup'!$K35,if(HJ6='Quick Setup'!$L$31,'Quick Setup'!$L35,if(HJ6='Quick Setup'!$M$31,'Quick Setup'!$M35,if(HJ6='Quick Setup'!$N$31,'Quick Setup'!$N35,if(HJ6='Quick Setup'!$O$31,'Quick Setup'!$O35,if(HJ6='Quick Setup'!$P$31,'Quick Setup'!$P35,if(HJ6='Quick Setup'!$Q$31,'Quick Setup'!$Q35,if(HJ6='Quick Setup'!$R$31,'Quick Setup'!$R35,if(HJ6='Quick Setup'!$S$31,'Quick Setup'!$S35,if(HJ6='Quick Setup'!$T$31,'Quick Setup'!$T35,if(HJ6='Quick Setup'!$U$31,'Quick Setup'!$U35,if(HJ6='Quick Setup'!$V$31,'Quick Setup'!$V35,'Quick Setup'!$W35)))))))))))))))))))) -> 1 | HL6: =if(HJ6='Quick Setup'!$C$45,'Quick Setup'!$C49,if(HJ6='Quick Setup'!$D$45,'Quick Setup'!$D49,if(HJ6='Quick Setup'!$E$45,'Quick Setup'!$E49,if(HJ6='Quick Setup'!$F$45,'Quick Setup'!$F49,if(HJ6='Quick Setup'!$G$45,'Quick Setup'!$G49,if(HJ6='Quick Setup'!$H$45,'Quick Setup'!$H49,if(HJ6='Quick Setup'!$I$45,'Quick Setup'!$I49,if(HJ6='Quick Setup'!$J$45,'Quick Setup'!$J49,if(HJ6='Quick Setup'!$K$45,'Quick Setup'!$K49,if(HJ6='Quick Setup'!$L$45,'Quick Setup'!$L49,if(HJ6='Quick Setup'!$M$45,'Quick Setup'!$M49,if(HJ6='Quick Setup'!$N$45,'Quick Setup'!$N49,if(HJ6='Quick Setup'!$O$45,'Quick Setup'!$O49,if(HJ6='Quick Setup'!$P$45,'Quick Setup'!$P49,if(HJ6='Quick Setup'!$Q$45,'Quick Setup'!$Q49,if(HJ6='Quick Setup'!$R$45,'Quick Setup'!$R49,if(HJ6='Quick Setup'!$S$45,'Quick Setup'!$S49,if(HJ6='Quick Setup'!$T$45,'Quick Setup'!$T49,if(HJ6='Quick Setup'!$U$45,'Quick Setup'!$U49,if(HJ6='Quick Setup'!$V$45,'Quick Setup'!$V49,'Quick Setup'!$W49)))))))))))))))))))) -> 1 | HM6: =HA6 -> 5 | HN6: =HB6 -> -0.05 | HO6: =HC6 -> -0.02 | HP6: =HD6 -> 0 | HQ6: =HE6 -> 0.005 | HR6: =HF6 -> 0.01 | HS6: =HG6 -> 0.015 | HT6: =HH6 -> 0.02 | HU6: =HI6 -> 0.03 | HV6: ='Quick Setup'!V63 -> 0.95 | HW6: =if(HV6='Quick Setup'!$C$31,'Quick Setup'!$C35,if(HV6='Quick Setup'!$D$31,'Quick Setup'!$D35,if(HV6='Quick Setup'!$E$31,'Quick Setup'!$E35,if(HV6='Quick Setup'!$F$31,'Quick Setup'!$F35,if(HV6='Quick Setup'!$G$31,'Quick Setup'!$G35,if(HV6='Quick Setup'!$H$31,'Quick Setup'!$H35,if(HV6='Quick Setup'!$I$31,'Quick Setup'!$I35,if(HV6='Quick Setup'!$J$31,'Quick Setup'!$J35,if(HV6='Quick Setup'!$K$31,'Quick Setup'!$K35,if(HV6='Quick Setup'!$L$31,'Quick Setup'!$L35,if(HV6='Quick Setup'!$M$31,'Quick Setup'!$M35,if(HV6='Quick Setup'!$N$31,'Quick Setup'!$N35,if(HV6='Quick Setup'!$O$31,'Quick Setup'!$O35,if(HV6='Quick Setup'!$P$31,'Quick Setup'!$P35,if(HV6='Quick Setup'!$Q$31,'Quick Setup'!$Q35,if(HV6='Quick Setup'!$R$31,'Quick Setup'!$R35,if(HV6='Quick Setup'!$S$31,'Quick Setup'!$S35,if(HV6='Quick Setup'!$T$31,'Quick Setup'!$T35,if(HV6='Quick Setup'!$U$31,'Quick Setup'!$U35,if(HV6='Quick Setup'!$V$31,'Quick Setup'!$V35,'Quick Setup'!$W35)))))))))))))))))))) -> 1 | HX6: =if(HV6='Quick Setup'!$C$45,'Quick Setup'!$C49,if(HV6='Quick Setup'!$D$45,'Quick Setup'!$D49,if(HV6='Quick Setup'!$E$45,'Quick Setup'!$E49,if(HV6='Quick Setup'!$F$45,'Quick Setup'!$F49,if(HV6='Quick Setup'!$G$45,'Quick Setup'!$G49,if(HV6='Quick Setup'!$H$45,'Quick Setup'!$H49,if(HV6='Quick Setup'!$I$45,'Quick Setup'!$I49,if(HV6='Quick Setup'!$J$45,'Quick Setup'!$J49,if(HV6='Quick Setup'!$K$45,'Quick Setup'!$K49,if(HV6='Quick Setup'!$L$45,'Quick Setup'!$L49,if(HV6='Quick Setup'!$M$45,'Quick Setup'!$M49,if(HV6='Quick Setup'!$N$45,'Quick Setup'!$N49,if(HV6='Quick Setup'!$O$45,'Quick Setup'!$O49,if(HV6='Quick Setup'!$P$45,'Quick Setup'!$P49,if(HV6='Quick Setup'!$Q$45,'Quick Setup'!$Q49,if(HV6='Quick Setup'!$R$45,'Quick Setup'!$R49,if(HV6='Quick Setup'!$S$45,'Quick Setup'!$S49,if(HV6='Quick Setup'!$T$45,'Quick Setup'!$T49,if(HV6='Quick Setup'!$U$45,'Quick Setup'!$U49,if(HV6='Quick Setup'!$V$45,'Quick Setup'!$V49,'Quick Setup'!$W49)))))))))))))))))))) -> 1 | HY6: =HM6 -> 5 | HZ6: =HN6 -> -0.05 | IA6: =HO6 -> -0.02 | IB6: =HP6 -> 0 | IC6: =HQ6 -> 0.005 | ID6: =HR6 -> 0.01 | IE6: =HS6 -> 0.015 | IF6: =HT6 -> 0.02 | IG6: =HU6 -> 0.03 | IH6: ='Quick Setup'!W63 -> 0.6 | II6: =if(IH6='Quick Setup'!$C$31,'Quick Setup'!$C35,if(IH6='Quick Setup'!$D$31,'Quick Setup'!$D35,if(IH6='Quick Setup'!$E$31,'Quick Setup'!$E35,if(IH6='Quick Setup'!$F$31,'Quick Setup'!$F35,if(IH6='Quick Setup'!$G$31,'Quick Setup'!$G35,if(IH6='Quick Setup'!$H$31,'Quick Setup'!$H35,if(IH6='Quick Setup'!$I$31,'Quick Setup'!$I35,if(IH6='Quick Setup'!$J$31,'Quick Setup'!$J35,if(IH6='Quick Setup'!$K$31,'Quick Setup'!$K35,if(IH6='Quick Setup'!$L$31,'Quick Setup'!$L35,if(IH6='Quick Setup'!$M$31,'Quick Setup'!$M35,if(IH6='Quick Setup'!$N$31,'Quick Setup'!$N35,if(IH6='Quick Setup'!$O$31,'Quick Setup'!$O35,if(IH6='Quick Setup'!$P$31,'Quick Setup'!$P35,if(IH6='Quick Setup'!$Q$31,'Quick Setup'!$Q35,if(IH6='Quick Setup'!$R$31,'Quick Setup'!$R35,if(IH6='Quick Setup'!$S$31,'Quick Setup'!$S35,if(IH6='Quick Setup'!$T$31,'Quick Setup'!$T35,if(IH6='Quick Setup'!$U$31,'Quick Setup'!$U35,if(IH6='Quick Setup'!$V$31,'Quick Setup'!$V35,'Quick Setup'!$W35)))))))))))))))))))) -> 7 | IJ6: =if(IH6='Quick Setup'!$C$45,'Quick Setup'!$C49,if(IH6='Quick Setup'!$D$45,'Quick Setup'!$D49,if(IH6='Quick Setup'!$E$45,'Quick Setup'!$E49,if(IH6='Quick Setup'!$F$45,'Quick Setup'!$F49,if(IH6='Quick Setup'!$G$45,'Quick Setup'!$G49,if(IH6='Quick Setup'!$H$45,'Quick Setup'!$H49,if(IH6='Quick Setup'!$I$45,'Quick Setup'!$I49,if(IH6='Quick Setup'!$J$45,'Quick Setup'!$J49,if(IH6='Quick Setup'!$K$45,'Quick Setup'!$K49,if(IH6='Quick Setup'!$L$45,'Quick Setup'!$L49,if(IH6='Quick Setup'!$M$45,'Quick Setup'!$M49,if(IH6='Quick Setup'!$N$45,'Quick Setup'!$N49,if(IH6='Quick Setup'!$O$45,'Quick Setup'!$O49,if(IH6='Quick Setup'!$P$45,'Quick Setup'!$P49,if(IH6='Quick Setup'!$Q$45,'Quick Setup'!$Q49,if(IH6='Quick Setup'!$R$45,'Quick Setup'!$R49,if(IH6='Quick Setup'!$S$45,'Quick Setup'!$S49,if(IH6='Quick Setup'!$T$45,'Quick Setup'!$T49,if(IH6='Quick Setup'!$U$45,'Quick Setup'!$U49,if(IH6='Quick Setup'!$V$45,'Quick Setup'!$V49,'Quick Setup'!$W49)))))))))))))))))))) -> 3 | IK6: =HY6 -> 5 | IL6: =HZ6 -> -0.05 | IM6: =IA6 -> -0.02 | IN6: =IB6 -> 0 | IO6: =IC6 -> 0.005 | IP6: =ID6 -> 0.01 | IQ6: =IE6 -> 0.015 | IR6: =IF6 -> 0.02 | IS6: =IG6 -> 0.03
